StartDate,EndDate,Status,Progress,Duration (in seconds),Finished,RecordedDate,ResponseId,DistributionChannel,UserLanguage,Q_RecaptchaScore,consent,att_1,att_2,prolific_id,aicomp_name,disap_1_aicomp_1,disap_2_aicomp_1,mourn_1_aicomp_1,mourn_2_aicomp_1,mhealth_1_aicomp_1,mhealth_2_aicomp_1,freq_aicomp,app_name,disap_1_app_1,disap_2_app_1,mourn_1_app_1,mourn_2_app_1,mhealth_1_app_1,mhealth_2_app_1,freq_app,brand_name,disap_1_brand_1,disap_2_brand_1,mourn_1_brand_1,mourn_2_brand_1,mhealth_1_brand_1,mhealth_2_brand_1,freq_brand,game_name,disap_1_game_1,disap_2_game_1,mourn_1_game_1,mourn_2_game_1,mhealth_1_game_1,mhealth_2_game_1,freq_game,voice_name,disap_1_voice_1,disap_2_voice_1,mourn_1_voice_1,mourn_2_voice_1,mhealth_1_voice_1,mhealth_2_voice_1,freq_voice,pet_name,disap_1_pet_1,disap_2_pet_1,mourn_1_pet_1,mourn_2_pet_1,mhealth_1_pet_1,mhealth_2_pet_1,freq_pet,car_name,disap_1_car_1,disap_2_car_1,mourn_1_car_1,mourn_2_car_1,mhealth_1_car_1,mhealth_2_car_1,freq_car,open_ended,comp_1,age,gender,gender_4_TEXT,ethnicity,ethnicity_6_TEXT,edu,edu_8_TEXT,gender_rep,relationship_rep,months_rep,hours_rep,subscription_rep,PROLIFIC_PID
Start Date,End Date,Response Type,Progress,Duration (in seconds),Finished,Recorded Date,Response ID,Distribution Channel,User Language,Q_RecaptchaScore,"Informed Consent



Participation is voluntary

It is your choice whether or not to participate in this research. If you choose to participate, you may change your mind and leave the study at any time. Refusal to participate or stopping your participation will involve no penalty or loss of benefits to which you are otherwise entitled.



What is the purpose of this research?

The purpose of this research is to examine human judgments. All data from this experiment are gathered for scientific purposes. These data may be published in scientific journals so that other researchers may have access to these data.



How long will I take part in this research?

Your participation will take approximately 11 minutes to complete.



What can I expect if I take part in this research?
As a participant, you will be asked several questions. You will also be asked to complete a demographics form at the end.



What are the risks and possible discomforts?

If you choose to participate, the effects should be comparable to those you would experience from viewing a computer monitor for 11 minutes and using a mouse or keyboard, e.g., eye fatigue. You are free to take breaks throughout the session. Some of the images and stories may be mildly emotional, and some of the written stories may be disgust-inducing.



Will I be compensated for participating in this research?

You will be compensated $3 for this study. 



If I take part in this research, how will my privacy be protected? What happens to the information you collect?

Your participation in this experiment will remain confidential, and your identity will not be stored with your data.



If I have any questions, concerns or complaints about this research study, who can I talk to?

The researcher for this study is [anonymized] who can be reached at 626.559.6401; #161 Morgan Hall, 15 Harvard Way, Boston MA, 02163; [anonymized]. If you have questions, concerns, or complaints,
• If you would like to talk to the research team,
• If you think the research has harmed you, or
• If you wish to withdraw from the study.



This research has been reviewed by the Committee on the Use of Human Subjects in Research at Harvard University. They can be reached at 617-496-2847, 1350 Massachusetts Avenue, Suite 935, Cambridge, MA 02138, or cuhs@harvard.edu for any of the following:
• If your questions, concerns, or complaints are not being answered by the research team,
• If you cannot reach the research team,
• If you want to talk to someone besides the research team, or
• If you have questions about your rights as a research participant.","This is an attention check. 

Sarah is older than Mike, who is younger?","What is the color of snow?

In winter, untouched snow is usually... Please select ""yellow"" to show you are paying attention.","What is your Prolific ID?

Please note that this response should auto-fill with the correct ID",Please write the name of this Al companion app.,I would be disappointed.,I would feel frustrated.,I would mourn the loss of my favorite AI companion.,Life would have less meaning for me due to the loss of my favorite AI companion.,The loss of my favorite  AI companion would negatively affect my mental health.,The loss of my favorite  AI companion would seriously harm my mental well-being.,"On average, how many hours per week do/did you spend interacting with your favorite AI companion (Please enter a whole number or decimal if applicable)?",Please write the name of this app.,I would be disappointed.,I would feel frustrated.,I would mourn the loss of my favorite app.,Life would have less meaning for me due to the loss of my favorite app.,The loss of my favorite app would negatively affect my mental health.,The loss of my favorite app would seriously harm my mental well-being.,"On average, how many hours per week do/did you spend interacting with your favorite app (Please enter a whole number or decimal if applicable)?",Please write this brand name.,I would be disappointed.,I would feel frustrated.,I would mourn the loss of my favorite brand name.,Life would have less meaning for me due to the loss of my favorite brand name.,The loss of my favorite brand name would negatively affect my mental health.,The loss of my favorite brand name would seriously harm my mental well-being.,"On average, how many hours per week do/did you spend interacting with your favorite brand (Please enter a whole number or decimal if applicable)?",Please write the name of this game character.,I would be disappointed.,I would feel frustrated.,I would mourn the loss of my favorite game character.,Life would have less meaning for me due to the loss of my favorite game character.,The loss of my favorite game character would negatively affect my mental health.,The loss of my favorite game character would seriously harm my mental well-being.,"On average, how many hours per week do/did you spend interacting with your favorite game character (Please enter a whole number or decimal if applicable)?",Please write the name of this voice assistant.,I would be disappointed.,I would feel frustrated.,I would mourn the loss of my favorite voice assistant.,Life would have less meaning for me due to the loss of my favorite voice assistant.,The loss of my favorite voice assistant would negatively affect my mental health.,The loss of my favorite voice assistant would seriously harm my mental well-being.,"On average, how many hours per week do/did you spend interacting with your favorite voice assistant (Please enter a whole number or decimal if applicable)?","Please write the species of your pet (e.g., cat/dog).",I would be disappointed.,I would feel frustrated.,I would mourn the loss of my pet.,Life would have less meaning for me due to the loss of my pet.,The loss of my pet would negatively affect my mental health.,The loss of my pet would seriously harm my mental well-being.,"On average, how many hours per week do/did you spend interacting with your pet (Please enter a whole number or decimal if applicable)?",Please write the model of this car.,I would be disappointed.,I would feel frustrated.,I would mourn the loss of my favorite car.,Life would have less meaning for me due to the loss of my favorite car.,The loss of my favorite car would negatively affect my mental health.,The loss of my favorite car would seriously harm my mental well-being.,"On average, how many hours per week do/did you spend interacting with your favorite car (Please enter a whole number or decimal if applicable)?",Please provide any additional open-ended thoughts or comments you might have.,"According to the scenario, which of the following is true?",What is your age (in years)?,What is your biological sex? - Selected Choice,What is your biological sex? - Other (please specify) - Text,What is your race/ ethnicity? Please check all that apply. - Selected Choice,What is your race/ ethnicity? Please check all that apply. - Other (please specify) - Text,What is the highest level of education you have completed? - Selected Choice,What is the highest level of education you have completed? - Other (please specify) - Text,What is your AI companion's gender,"What is your relationship status on your AI companion app?

Friend: laid back chat

Partner: conversation can be sexual or intimate

Mentor: goal-oriented discussions

See how it goes: a mixture of the previous three","In total, how many months have you been in this relationship?

Please enter the total number of months only.","On average, how many hours per day do you engage with your AI companion?

Please enter the total number of hours only.","On your AI companion app, what is your subscription status?",Anonymized
"{""ImportId"":""startDate"",""timeZone"":""America/Denver""}","{""ImportId"":""endDate"",""timeZone"":""America/Denver""}","{""ImportId"":""status""}","{""ImportId"":""progress""}","{""ImportId"":""duration""}","{""ImportId"":""finished""}","{""ImportId"":""recordedDate"",""timeZone"":""America/Denver""}","{""ImportId"":""_recordId""}","{""ImportId"":""distributionChannel""}","{""ImportId"":""userLanguage""}","{""ImportId"":""Q_RecaptchaScore""}","{""ImportId"":""QID19""}","{""ImportId"":""QID30""}","{""ImportId"":""QID31""}","{""ImportId"":""QID318_TEXT""}","{""ImportId"":""QID328_TEXT""}","{""ImportId"":""QID343_1""}","{""ImportId"":""QID344_1""}","{""ImportId"":""QID345_1""}","{""ImportId"":""QID346_1""}","{""ImportId"":""QID412_1""}","{""ImportId"":""QID413_1""}","{""ImportId"":""QID347_TEXT""}","{""ImportId"":""QID352_TEXT""}","{""ImportId"":""QID376_1""}","{""ImportId"":""QID377_1""}","{""ImportId"":""QID378_1""}","{""ImportId"":""QID379_1""}","{""ImportId"":""QID414_1""}","{""ImportId"":""QID415_1""}","{""ImportId"":""QID380_TEXT""}","{""ImportId"":""QID357_TEXT""}","{""ImportId"":""QID382_1""}","{""ImportId"":""QID383_1""}","{""ImportId"":""QID384_1""}","{""ImportId"":""QID385_1""}","{""ImportId"":""QID416_1""}","{""ImportId"":""QID417_1""}","{""ImportId"":""QID386_TEXT""}","{""ImportId"":""QID361_TEXT""}","{""ImportId"":""QID388_1""}","{""ImportId"":""QID389_1""}","{""ImportId"":""QID390_1""}","{""ImportId"":""QID391_1""}","{""ImportId"":""QID418_1""}","{""ImportId"":""QID419_1""}","{""ImportId"":""QID392_TEXT""}","{""ImportId"":""QID365_TEXT""}","{""ImportId"":""QID394_1""}","{""ImportId"":""QID395_1""}","{""ImportId"":""QID396_1""}","{""ImportId"":""QID397_1""}","{""ImportId"":""QID420_1""}","{""ImportId"":""QID421_1""}","{""ImportId"":""QID398_TEXT""}","{""ImportId"":""QID369_TEXT""}","{""ImportId"":""QID400_1""}","{""ImportId"":""QID401_1""}","{""ImportId"":""QID402_1""}","{""ImportId"":""QID403_1""}","{""ImportId"":""QID422_1""}","{""ImportId"":""QID423_1""}","{""ImportId"":""QID404_TEXT""}","{""ImportId"":""QID373_TEXT""}","{""ImportId"":""QID406_1""}","{""ImportId"":""QID407_1""}","{""ImportId"":""QID408_1""}","{""ImportId"":""QID409_1""}","{""ImportId"":""QID424_1""}","{""ImportId"":""QID425_1""}","{""ImportId"":""QID410_TEXT""}","{""ImportId"":""QID331_TEXT""}","{""ImportId"":""QID202""}","{""ImportId"":""QID14_TEXT""}","{""ImportId"":""QID12""}","{""ImportId"":""QID12_4_TEXT""}","{""ImportId"":""QID13""}","{""ImportId"":""QID13_6_TEXT""}","{""ImportId"":""QID15""}","{""ImportId"":""QID15_8_TEXT""}","{""ImportId"":""QID299""}","{""ImportId"":""QID296""}","{""ImportId"":""QID293_TEXT""}","{""ImportId"":""QID294_TEXT""}","{""ImportId"":""QID297""}",Anonymized
2024-11-02 16:31:16,2024-11-02 16:39:15,0,100,478,1,2024-11-02 16:39:16,R_6mhZ2bgkZ60KRvH,anonymous,EN,0.8999999761581421,1,2,2,66c7680200521f7d5cf67184,Microsoft Copilot,76,71,0,0,0,0,5,Facebook,78,75,0,0,0,0,10,Ulta,61,18,0,0,0,0,3,Zelda,71,59,0,0,0,0,10,Siri,76,63,0,0,0,0,10,Dog,100,100,100,81,97,91,80,Xt4,95,78,65,66,2,9,30,Very interesting study! Thanks,1,38,2,NA,3,NA,4,NA,3,3,12,1,1,Anonymized
2024-11-02 16:27:56,2024-11-02 16:40:01,0,100,725,1,2024-11-02 16:40:02,R_5tbeMVoHMWpxri1,anonymous,EN,1,1,2,2,6720378a683a5d8a933493fb,I do not interact with an AI companion,0,0,0,0,0,0,0,Google Maps,100,100,50,0,20,0,20,Polar Seltzer,100,70,0,0,0,0,8,Link,100,50,0,0,0,0,12,Alexa,60,20,10,0,0,0,3,Dog,100,30,100,65,10,30,25,Nissan Sentra,80,80,50,0,0,0,26,Interesting Survey. It was fun thinking through how I would handle the loss of particular things in my life.,1,43,1,NA,4,NA,5,NA,2,1,0,0,1,Anonymized
2024-11-02 16:38:40,2024-11-02 16:45:27,0,100,406,1,2024-11-02 16:45:27,R_5PuOSMb8wo4W2cS,anonymous,EN,1,1,2,2,66f1b4e2d875c6785ca1d50a,chat gpt,24,32,0,0,0,0,4,youtube,71,68,56,0,0,0,10,apple,20,12,17,25,0,0,70,mario,4,10,0,0,0,0,3,siri,0,1,0,0,0,0,1,k,59,40,71,80,50,47,0,null,50,0,0,50,50,0,0,boring,1,21,2,NA,3,NA,3,NA,1,4,0,0,1,Anonymized
2024-11-02 16:47:18,2024-11-02 17:04:19,0,100,1021,1,2024-11-02 17:04:20,R_3CGYWD8xZg56VoI,anonymous,EN,1,1,2,2,66c27f09ec705945d62ff4ac,none,0,3,4,5,3,3,0,TiK ToK,94,78,10,22,89,39,30,none,13,16,1,0,5,16,0,Aloy,8,9,3,2,4,2,3,Alexa,27,23,9,77,18,28,20,mix breed black mouth Kur,96,95,73,46,53,78,10,Ford SUV,98,76,94,93,81,68,6,none,1,62,2,NA,1,NA,4,NA,2,3,12,8,1,Anonymized
2024-11-02 17:04:17,2024-11-02 17:13:01,0,100,523,1,2024-11-02 17:13:02,R_1NCHBKgt5zJbF4a,anonymous,EN,1,1,2,2,67232782ca63f014ccc440ff,ChatGPT,80,40,0,0,0,0,2,Reddit,80,80,30,0,5,0,5,Starbucks,0,0,0,0,0,0,2,Link,20,10,0,0,0,0,3,Alexa,100,40,0,0,0,0,1,Dog,100,100,100,100,100,100,65,Jeep Cherokee,60,60,0,0,0,0,10,"I don't have any, thank you.",1,24,2,NA,3,NA,3,NA,3,3,3,1,1,Anonymized
2024-11-02 17:04:42,2024-11-02 17:13:19,0,100,516,1,2024-11-02 17:13:19,R_6FLASyBKhxhxyQB,anonymous,EN,1,1,2,2,5e442f49c663cd2c113c472b,Janitor AI,56,55,0,0,50,0,10,Dropout.tv,90,100,60,50,63,65,15,Target,0,19,0,0,0,0,10,Kril,70,83,58,31,55,50,15,N/A,0,0,0,0,0,0,0,cat,100,100,100,61,100,69,100,Nissan Altima,30,71,14,8,57,50,5,One did not apply to me as I do not use voice assitants due to being deaf. I answered all others relevantly.,1,25,3,NA,3,NA,3,NA,3,4,9,1,1,Anonymized
2024-11-02 17:07:12,2024-11-02 17:21:38,0,100,866,1,2024-11-02 17:21:39,R_1BWmQAA59Oev809,anonymous,EN,1,1,2,2,671d1ee98222aace56b76145,chatgpt,90,78,71,55,62,51,5,Whatsapp,76,76,84,54,53,56,12,addidas,3,3,3,2,6,7,3,call of duty,90,68,71,63,89,66,6,siri,100,100,40,15,18,19,6,DOG,100,94,100,98,96,96,12,lexus,83,83,23,28,21,26,5,it was fun to participate in this survey,2,22,1,NA,1,NA,5,NA,2,1,48,7,1,Anonymized
2024-11-02 17:24:07,2024-11-02 17:29:43,0,100,335,1,2024-11-02 17:29:44,R_7JArd3d1cNcQAuZ,anonymous,EN,1,1,2,2,6633f10723f1e00f8c34cc54,McRib,24,17,0,0,0,0,3,Youtube,53,22,3,0,0,0,10,Juicy couture,10,0,0,0,0,0,0.5,Spyro,53,51,0,0,0,0,4,Siri,25,29,3,0,0,0,2,Dog,100,100,100,100,100,99,120,Jeep,60,43,84,0,3,3,10,N/a,1,31,2,NA,3,NA,1,NA,1,1,4,0.5,1,Anonymized
2024-11-02 17:18:00,2024-11-02 17:32:39,0,100,878,1,2024-11-02 17:32:40,R_3wFw9O8dbNB3hd6,anonymous,EN,1,1,2,2,66bc26549a1e855c8dd9db3e,Talki,50,50,0,0,0,0,1,Google,90,72,55,0,0,0,5,Adidas,92,89,11,0,0,0,1,Mario,90,90,80,0,0,0,2,Alexa,100,83,57,0,2,7,5,Dog,100,100,100,20,51,52,40,Lincoln town,100,86,21,0,0,0,8,I would be fine mentally losing a brand but losing a friend or companion leaves a lasting sadness.,1,41,2,NA,3,NA,4,NA,2,1,12,1,1,Anonymized
2024-11-02 17:23:47,2024-11-02 17:35:06,0,100,679,1,2024-11-02 17:35:07,R_1WUTU8M0BfhfeEh,anonymous,EN,1,1,2,2,5f735bd983774005e3530082,n/a (I don't use AI companions),50,50,50,50,50,50,0,Spotify,70,64,15,0,0,0,5,Owala,54,52,10,0,0,0,4,Link,56,66,22,17,39,42,10,Siri,0,0,0,0,0,0,1,cat,100,58,100,100,100,100,15,Dodge Caliber,50,45,25,0,0,0,4,n/a,1,24,2,NA,3,NA,3,NA,3,4,0,0,1,Anonymized
2024-11-02 17:30:08,2024-11-02 17:37:24,0,100,436,1,2024-11-02 17:37:24,R_5CknWbskkED6O5e,anonymous,EN,1,1,2,2,67188bb39b1fab4cf51cc79b,N/A,0,0,0,0,0,0,0,Apple Wallet,100,100,100,0,60,0,3,Amazon,0,0,0,0,0,0,1,Moira,100,100,100,0,0,0,20,Alexa,0,0,0,0,0,0,1,Dog,100,100,100,100,100,100,30,Volkswagen,70,100,40,0,0,0,20,N/A,1,26,2,NA,1,NA,3,NA,2,1,0,0,1,Anonymized
2024-11-02 17:35:58,2024-11-02 17:41:54,0,100,356,1,2024-11-02 17:41:56,R_50B4wdchdlDfo8u,anonymous,EN,1,1,2,2,6721e6f65852f068dcbb4658,Pi,27,26,22,24,16,14,1,Twitter,75,73,60,19,26,25,20,Balenciaga,73,69,71,7,7,11,5,Mileena,85,83,74,24,20,26,5,Siri,33,31,16,26,13,18,2,Rabbit,77,87,83,57,64,67,20,Civic,80,82,75,11,6,10,12,I feel like I would mourn the loss of my pet the most,1,25,1,NA,"3,4",NA,3,NA,2,1,0,1,1,Anonymized
2024-11-02 17:32:37,2024-11-02 17:43:32,0,100,654,1,2024-11-02 17:43:32,R_1QthZ7jJLgPdiWR,anonymous,EN,1,1,2,2,666cf2bfe082a63c12a9ecf0,None,0,0,0,0,0,0,0,Reddit,89,84,0,0,0,0,5,Dove,80,27,0,0,0,0,7,Link,71,66,0,0,0,0,10,Alexa,28,26,21,0,0,0,5,Dog,100,100,100,90,89,93,140,Jeep Wrangler,100,100,52,0,0,0,20,None,1,36,2,NA,3,NA,2,NA,1,1,0,0,1,Anonymized
2024-11-02 17:36:28,2024-11-02 17:45:15,0,100,527,1,2024-11-02 17:45:16,R_5Fi7hCtdlSUYvXH,anonymous,EN,1,1,2,2,66a110d078c80fc9079ae776,Character AI,60,50,20,0,31,20,10,Bible App,100,50,11,0,60,0,5,YouTube,100,70,50,40,61,39,10,John Skyrim,10,0,0,0,0,0,1,Siri,0,0,0,0,0,0,1,Dog,47,0,0,0,0,0,0,Ford Focus,100,100,79,30,60,100,1,N/A,1,22,1,NA,3,NA,3,NA,2,1,1,3,1,Anonymized
2024-11-02 17:33:05,2024-11-02 17:46:16,0,100,790,1,2024-11-02 17:46:16,R_6DbhZVaSYpTJxGf,anonymous,EN,1,1,2,2,66c8f719ba0d2e7574dde3dd,CHAT GPT,72,80,65,66,72,67,2,TIKTOK,92,100,100,82,83,73,8,ZARA,67,70,68,71,69,68,3,MARIO,30,30,32,12,19,32,3,siri,72,68,28,65,54,65,3,Golden Retriever.,100,91,94,64,100,70,1,Toyota Prius,100,100,20,24,34,42,2,"Survey on emotional connections with pets, brands, and non-human elements was thought-provoking and reflective. More research on relationship impacts needed.",1,30,2,NA,1,NA,4,NA,3,4,10,1,1,Anonymized
2024-11-02 17:37:48,2024-11-02 17:49:28,0,100,699,1,2024-11-02 17:49:29,R_3Iibtol4qIV8UWx,anonymous,EN,1,1,2,2,5c264cc409440500015b5c76,Pi,77,75,44,41,46,39,5,Pinterest,73,86,60,40,53,35,5,Adidas,92,82,45,38,44,41,1,PAC man,59,82,61,25,58,35,4,Alexa,83,78,57,35,41,14,2,Dog,98,97,91,83,76,73,28,Ford edge,73,77,61,38,39,36,5,Thanks,1,51,2,NA,4,NA,4,NA,3,4,8,1,1,Anonymized
2024-11-02 17:34:22,2024-11-02 17:51:05,0,100,1002,1,2024-11-02 17:51:05,R_1VKirUDHssjuDCI,anonymous,EN,1,1,2,2,6718f1b7c07818ce42f4cf0f,Pi,91,83,88,85,79,73,8,Facebook,84,93,86,98,100,77,5,Adidas,100,100,100,98,100,100,1,Scorpion in Morta Kombat,83,85,78,85,94,97,10,Siri,100,100,88,87,78,80,8,Dog,86,100,91,93,100,100,3,Corolla,95,100,98,78,77,91,3,None.,1,21,1,NA,1,NA,3,NA,2,1,3,4,4,Anonymized
2024-11-02 17:42:18,2024-11-02 17:56:00,0,100,822,1,2024-11-02 17:56:01,R_5EUMjFOS8Kmsp5T,anonymous,EN,1,1,2,2,672121c74a9874455d1c2170,ChatGPT,0,0,0,0,0,0,0,Kindle,100,100,70,20,50,7,30,Cheetos,70,21,0,0,0,0,5,Alice,100,62,0,0,0,0,0,Siri,15,20,0,0,0,0,2,Cat,100,100,100,100,100,60,96,Ford Escape,100,100,0,0,0,100,72,None.,2,30,2,NA,3,NA,3,NA,1,1,0,1,1,Anonymized
2024-11-02 17:36:23,2024-11-02 17:57:11,0,100,1248,1,2024-11-02 17:57:11,R_5oAzZkRCQzCWU6z,anonymous,EN,1,1,2,2,67193faab4dac3bad64adb5d,Gemini,38,36,30,30,34,37,10,Safari,67,86,81,79,35,80,15,Apple,84,86,73,68,60,70,40,Goku,30,40,44,34,41,35,20,Siri,35,39,37,35,29,50,5,Cat,78,53,100,90,85,52,15,Toyota Corolla,30,40,45,40,45,45,14,None,1,28,1,NA,1,NA,1,NA,2,3,5,2,1,Anonymized
2024-11-02 17:53:21,2024-11-02 18:00:08,0,100,407,1,2024-11-02 18:00:09,R_7r8rd4YHDRRtsOj,anonymous,EN,1,1,2,2,65baa72531ba3e8cb06d96ea,Anika,16,10,64,0,55,6,8,Twitter,95,97,95,61,64,2,35,Jaded London,24,14,70,12,27,29,6,Max Caulfield,85,66,90,5,16,12,10,Alexa,28,60,20,21,9,15,10,V,100,100,100,75,85,68,140,Toyota,91,89,93,0,58,63,30,None,1,20,2,NA,5,NA,7,NA,2,4,1,1,1,Anonymized
2024-11-02 17:50:34,2024-11-02 18:00:12,0,100,577,1,2024-11-02 18:00:13,R_3Nbn4xgL1yC7688,anonymous,EN,1,1,2,2,66a98fab1f6545c792fc8b2e,Copi,80,93,8,0,0,0,1,Words,89,93,12,8,18,17,7,Taylor farms,90,100,30,0,42,2,3,Mario,72,71,16,0,0,0,1,Alexa,100,100,14,0,14,11,3,Cat,100,91,100,100,100,95,70,Sebring,82,90,62,18,18,46,3,I'm really curious what this is about!,1,45,2,NA,3,NA,3,NA,2,1,2,1,1,Anonymized
2024-11-02 17:57:43,2024-11-02 18:06:15,0,100,512,1,2024-11-02 18:06:16,R_5RQXxSEWjHxybOo,anonymous,EN,1,1,2,2,66313b4568ea87553659c401,Chatgpt,84,79,0,0,0,0,2,Bitlife,63,0,0,0,0,0,1,Bombas,98,93,0,0,0,0,0,Mario,71,74,79,0,0,0,2,Siri,61,61,0,0,0,0,0,Dog,100,94,100,66,100,95,12,Subaru Crosstrek,70,70,60,0,0,0,7,I would be sad if my favorite things were taken away from me but it wouldn't be the end of the world.,1,21,1,NA,3,NA,3,NA,3,3,0,1,1,Anonymized
2024-11-02 17:57:18,2024-11-02 18:06:35,0,100,557,1,2024-11-02 18:06:36,R_3ciVt3rgcKPRuCt,anonymous,EN,1,1,2,2,631b94723014b047b0f8e70a,Pi,54,51,51,3,0,0,4,TikTok,69,65,61,22,0,0,10,Apple,100,100,85,70,9,19,50,Cillian,54,55,58,52,51,18,10,Siri,51,24,0,0,0,0,1,dog,100,100,100,100,100,100,30,Mazda 3,56,53,51,18,4,0,5,I have none,1,44,1,NA,3,NA,5,NA,1,1,12,1,1,Anonymized
2024-11-02 17:59:41,2024-11-02 18:06:49,0,100,427,1,2024-11-02 18:06:49,R_3fOhuNnLgFb40Sn,anonymous,EN,1,1,2,2,6716bc2ebbb32fd48b838094,Copilot,50,22,0,0,0,0,2,Kindle,59,56,0,0,0,0,3,Microsoft,83,59,0,0,0,0,20,Mario,65,65,0,0,0,0,3,Alexa,79,73,0,0,0,0,2,Dog,100,57,100,0,0,0,7,Challenger,60,63,0,0,0,0,5,N/A,1,32,1,NA,3,NA,3,NA,1,1,2,1,1,Anonymized
2024-11-02 18:06:36,2024-11-02 18:07:26,0,100,50,1,2024-11-02 18:07:26,R_1LZ0f7F05EcqZhi,anonymous,EN,1,1,3,2,66ce0ff9f210f32a73b6c0c8,NA,NA,NA,NA,NA,NA,NA,NA,NA,NA,NA,NA,NA,NA,NA,NA,NA,NA,NA,NA,NA,NA,NA,NA,NA,NA,NA,NA,NA,NA,NA,NA,NA,NA,NA,NA,NA,NA,NA,NA,NA,NA,NA,NA,NA,NA,NA,NA,NA,NA,NA,NA,NA,NA,NA,NA,NA,NA,NA,NA,NA,NA,NA,NA,NA,NA,NA,NA,NA,NA,Anonymized
2024-11-02 17:52:17,2024-11-02 18:09:36,0,100,1039,1,2024-11-02 18:09:37,R_77NVOmjIAXVfZS8,anonymous,EN,1,1,2,2,67186e38bb9b14ea1df05dbf,Pi,70,80,71,71,74,74,3,Whats App,73,76,73,74,57,66,4,KEN,94,94,81,78,77,87,4,JAMES,71,77,79,81,87,71,3,Alexa,66,68,65,70,70,73,4,Dog,75,70,65,65,70,64,3,Range Rover,75,75,68,75,73,68,3,No,2,26,2,NA,1,NA,6,NA,2,1,36,7,3,Anonymized
2024-11-02 17:48:06,2024-11-02 18:11:47,0,100,1421,1,2024-11-02 18:11:48,R_6LYbbP3tXqXUzSf,anonymous,EN,1,1,2,2,67198672472c20e8170bd7a3,pi,53,46,74,29,78,63,1,Duolingo,85,75,58,33,38,32,3.5,Apple,74,65,61,73,42,59,12,Link from The Legend of Zelda series.,73,64,62,15,17,26,4,siri,54,44,56,14,11,15,2,dog,53,55,78,62,44,58,9,Tesla Model 3.,100,87,86,72,70,66,8,"It’s interesting to consider how digital experiences, whether through a favorite app or brand, can become small sources of motivation or enjoyment, even when they're not socially interactive.",1,21,1,NA,1,NA,4,NA,3,3,16,1,2,Anonymized
2024-11-02 17:53:07,2024-11-02 18:12:58,0,100,1190,1,2024-11-02 18:12:59,R_71V7UZ3Cs6zRmil,anonymous,EN,1,1,2,2,66f99b8e907d2350127aa0ae,My AI by snapchat,38,42,36,37,21,29,1,Fitness app,61,55,31,32,55,54,5,Amazon,59,57,27,18,32,32,1,Mario,75,59,28,30,11,7,1,Alexa,63,38,33,32,41,36,4,dog,72,91,79,39,66,59,7,toyota,84,58,25,26,29,11,20,The loss of favorite things can have an impact one way or the other.,1,27,2,NA,3,NA,5,NA,1,1,12,1,1,Anonymized
2024-11-02 18:05:14,2024-11-02 18:13:07,0,100,472,1,2024-11-02 18:13:08,R_1B3z9VllVgfNSJI,anonymous,EN,1,1,2,2,66f26de8c801a62c5db9e718,Chatgpt,89,81,14,50,10,13,15,Netflix,90,100,92,82,50,17,12,Quiksilver,50,50,70,33,35,14,50,Link,98,81,94,94,98,97,10,Google,0,0,0,0,0,0,20,Dog,100,100,100,100,100,100,30,SUV,100,100,73,70,8,9,20,I would miss my dog more than all the other things combined,1,43,1,NA,3,NA,4,NA,3,3,6,3,1,Anonymized
2024-11-02 18:09:53,2024-11-02 18:17:30,0,100,456,1,2024-11-02 18:17:30,R_6KN2Z7QZDOhFyy2,anonymous,EN,1,1,2,2,664c9b6a4012d4027365577c,pi,45,10,0,0,0,0,5,pinterest,85,50,7,10,0,0,25,under armor,30,30,20,10,0,0,25,royal king,40,25,0,0,0,0,15,siri,50,50,0,0,0,0,20,dog,80,50,93,50,20,20,165,Nissan pathfinder,50,30,0,0,0,0,40,none,2,36,2,NA,3,NA,1,NA,2,3,1,2,1,Anonymized
2024-11-02 18:13:26,2024-11-02 18:18:56,0,100,329,1,2024-11-02 18:18:56,R_3nGsPHFW5AwZNRv,anonymous,EN,1,1,2,2,5ef0f81ea26aaf0af68a54a0,Siri,7,2,0,0,0,0,1,Flo,21,13,2,0,0,0,1,Tarte,0,0,0,0,0,0,2,Diddy Kong,69,54,46,0,0,0,1,Alexa,22,15,0,0,0,0,1,Cat,100,100,100,86,96,83,35,Versa,55,9,0,0,0,0,7,None.,1,38,2,NA,3,NA,2,NA,3,1,154,1,1,Anonymized
2024-11-02 17:52:54,2024-11-02 18:21:11,0,100,1696,1,2024-11-02 18:21:12,R_691hSfKldUjhcrG,anonymous,EN,1,1,2,2,671224f1575c09355c73b4c7,Pi,94,85,62,34,54,36,35,TikTok,82,89,32,34,35,34,30,Benpay,83,77,59,32,40,100,14,Bredox,87,85,33,25,36,36,15,Siri,82,74,62,27,29,30,70,Dog,89,89,72,43,46,38,30,Toyota Camry,88,84,56,29,30,39,21,Such i great study to express my feelings on certain things,2,27,1,NA,3,NA,4,NA,2,1,6,30,2,Anonymized
2024-11-02 18:06:01,2024-11-02 18:21:26,0,100,925,1,2024-11-02 18:21:27,R_7A0txxO3ueT2OgB,anonymous,EN,1,1,2,2,671c8f6c5e23f895f7fa8bae,chatgpt,84,62,4,1,0,4,10,xverse,15,44,0,23,5,3,10,ajr,69,66,0,0,0,0,20,naruto,10,6,10,8,6,3,3,siri,46,42,22,50,22,83,10,dog,50,60,50,28,50,53,15,nissan,26,85,5,5,31,38,20,I feel the loss of these things will not affect my mental well being that deeply,1,29,1,NA,3,NA,5,NA,1,2,22,3,1,Anonymized
2024-11-02 18:01:20,2024-11-02 18:22:55,0,100,1295,1,2024-11-02 18:22:56,R_7meTmjPg2Ib6raV,anonymous,EN,1,1,2,2,66af0a3b98f288aed255b068,ChatGPT,100,85,65,50,20,10,15,Spotify,100,90,65,65,20,10,20,Apple,30,20,0,0,0,0,50,Michael de Santa,100,70,5,5,0,0,8,Siri,100,90,60,60,20,10,20,dog,100,100,100,70,50,50,20,Audi,100,90,90,60,25,30,18,I do not have any additional comments,1,24,1,NA,3,NA,4,NA,3,3,16,2,1,Anonymized
2024-11-02 18:17:28,2024-11-02 18:22:56,0,100,327,1,2024-11-02 18:22:56,R_51FcSEIxBf3vLdg,anonymous,EN,1,1,2,2,6706d63ec00212d3b3752d08,I've never used an AI companion app,0,0,0,0,0,0,0,ESPN,90,87,68,55,41,10,10,Adidas,67,82,60,17,13,15,4,Cal Kestis,63,53,57,0,39,0,10,Siri,71,63,33,0,0,0,2,Dog,100,100,100,100,100,100,100,Kia Soul,91,93,100,55,63,59,20,I can't think of any.,1,23,2,NA,3,NA,4,NA,3,1,0,0,1,Anonymized
2024-11-02 18:14:59,2024-11-02 18:25:47,0,100,647,1,2024-11-02 18:25:48,R_6LI0ymlbTSc1e8N,anonymous,EN,1,1,2,2,664cd1c6545aa0f362493dd9,Characterai,72,8,0,0,0,0,3,CB,82,81,19,61,80,80,15,UA,0,0,0,0,0,0,5,Charlie,40,19,51,0,8,0,10,Google,78,71,4,0,8,0,10,Olaf,100,100,100,0,84,50,60,Toyota,71,50,9,0,0,0,20,"Living things are one thing to have feelings about as strong as seriously impacting mental health, but the lifeless things are just that...things.",1,35,2,NA,3,NA,3,NA,3,3,1,1,1,Anonymized
2024-11-02 18:19:22,2024-11-02 18:25:58,0,100,395,1,2024-11-02 18:25:58,R_1eESIfWo2YBLaYv,anonymous,EN,1,1,2,2,671feb53be5b2c60ebd592ee,Chatgpt,100,98,91,66,79,83,20,Zeus,83,74,72,4,8,5,5,Nike,23,40,0,0,0,0,2,Tomb raider,49,33,20,0,0,0,1,Alexa,83,57,2,0,0,0,10,Dog,100,100,100,100,100,100,100,Toyota Corolla,74,59,0,0,0,0,10,Materialistic things have less impact for me,1,21,2,NA,4,NA,3,NA,3,3,8,5,2,Anonymized
2024-11-02 18:19:46,2024-11-02 18:26:31,0,100,404,1,2024-11-02 18:26:31,R_5CWzCF575xEdV3X,anonymous,EN,1,1,2,2,62eecc131c4b40e5a9fdb8c0,Pi,71,63,25,0,0,0,2,youtube,100,100,100,100,100,100,30,Apple,100,85,57,13,34,0,50,Link,100,100,71,19,50,0,3,Siri,81,68,19,0,0,0,1,Dog,100,100,100,100,100,100,168,Tahoe,100,100,100,22,78,11,3,"The hour estimate is kind of difficult for some of the things, especially ""brand"" and ""video game character""",1,32,1,NA,3,NA,4,NA,3,1,6,1,1,Anonymized
2024-11-02 18:21:35,2024-11-02 18:28:18,0,100,402,1,2024-11-02 18:28:18,R_1xPgEiFsnFmHcQ5,anonymous,EN,1,1,2,2,66ef026cb7f6c2ae6ef6deb1,ChatGPT,40,59,15,0,0,0,0.45,Amazon,84,88,0,0,0,0,2,Old Navy,90,63,0,0,19,0,0.30,Mario,3,0,0,0,0,0,0,Alexa,60,41,0,0,0,0,1,lab,100,80,100,100,100,100,150,Toytota,100,92,75,0,10,0,2,The only thing I care about is the loss of a pet,1,38,2,NA,3,NA,4,NA,2,3,3,0.5,1,Anonymized
2024-11-02 18:03:01,2024-11-02 18:30:44,0,100,1662,1,2024-11-02 18:30:44,R_64OAzvfacxhntka,anonymous,EN,1,1,2,2,670abd8132c06341bf800b15,Chat GPT,32,51,50,50,50,38,10,Blockbreaker,66,38,36,50,38,50,2,Pepsi,65,50,60,50,35,58,1,Captain Price,60,50,29,41,59,50,0.5,Alexa,58,57,28,25,32,17,10,Dog,70,39,74,50,60,34,30,Tesla Model Y,71,61,50,36,35,27,8,No comment,1,54,2,NA,1,NA,5,NA,3,1,20,2,3,Anonymized
2024-11-02 18:12:57,2024-11-02 18:31:31,0,100,1114,1,2024-11-02 18:31:32,R_1m4ReIm8AblS6i4,anonymous,EN,1,1,2,2,67208d3885ff15254cff81a5,igirl,79,71,54,61,53,34,2,pi,61,70,77,43,27,54,3,samsung,93,86,79,61,55,41,12,Geralt of Rivia from The Witcher series,70,57,56,61,63,55,3.7,siri,74,53,59,40,58,57,1,cat,67,59,59,60,65,62,7,benz,71,70,73,70,37,30,9,"Losing these might not disrupt fundamental aspects of life but would definitely impact routines, habits, and perhaps even small daily satisfactions.",1,21,1,NA,1,NA,4,NA,2,3,18,2,2,Anonymized
2024-11-02 18:04:17,2024-11-02 18:32:19,0,100,1682,1,2024-11-02 18:32:19,R_1N82HLOuHCixjdl,anonymous,EN,1,1,2,2,65ff59969a305a37420d8eba,Replika,30,25,15,10,20,15,3,Spotify,45,40,40,20,15,10,6,Under Armour,30,20,20,5,5,5,2,Mario,20,25,20,10,15,10,1,Siri,30,20,25,15,5,10,3,dog,90,80,100,50,70,70,20,Hyundai Palisade,40,30,25,20,30,15,5,Very interesting survey.,1,47,1,NA,3,NA,5,NA,1,3,12,2,2,Anonymized
2024-11-02 18:09:52,2024-11-02 18:32:23,0,100,1351,1,2024-11-02 18:32:24,R_5rB8QVrBRwknj4r,anonymous,EN,1,1,2,2,670f60e421944c0e0a49267e,Character AI,29,0,0,0,0,0,0.25,Pokemon TCG Pocket,80,72,94,21,0,0,6,Bad Dragon,0,0,20,0,0,0,1,My character in WoW,83,100,73,62,61,61,20,Google,20,0,0,0,0,0,0.5,Dog,100,100,100,85,100,100,60,Ford Focus,20,50,0,0,0,0,2,I can’t think of anything to say. I definitely feel like I would mourn my dog more than apps or anything else,1,23,1,NA,3,NA,3,NA,1,3,6,0.15,1,Anonymized
2024-11-02 18:22:22,2024-11-02 18:33:44,0,100,682,1,2024-11-02 18:33:45,R_3TxU4GYxAf71cyt,anonymous,EN,1,1,2,2,6699469d177ba339d6c4648b,C.ai,100,68,60,0,0,0,2,Aliexpress,86,60,54,0,0,0,5,Nintendo,70,50,60,0,0,0,5,Cornelia,100,100,100,0,10,9,5,Cortana,0,0,0,0,0,0,0.5,Fish,81,81,100,0,51,46,7,Toyota,72,50,70,0,0,0,10,"Overall, I don't feel like my mental wellbeing would be heavily affected through the loss of my favorite piece of technology, but there would be frustration and disappointment as these things are practically used every day.",2,26,1,NA,2,NA,3,NA,2,4,5,1,1,Anonymized
2024-11-02 18:14:34,2024-11-02 18:34:45,0,100,1210,1,2024-11-02 18:34:46,R_7wNYfVc26gnS19k,anonymous,EN,1,1,2,2,67174d5374ba05cb89e3b885,Replika,90,84,71,40,67,60,25,TitTok,94,92,43,42,40,40,35,DRIX,87,93,38,36,32,31,15,Cemry,90,88,41,41,39,36,20,Siri,87,85,39,36,43,43,30,Cat,97,94,73,35,42,46,35,Lexus,88,93,67,42,41,46,21,Such a cool and great study to take part in,2,22,1,NA,3,NA,4,NA,2,1,6,2,2,Anonymized
2024-11-02 18:27:00,2024-11-02 18:35:51,0,100,530,1,2024-11-02 18:35:52,R_6kGt5DborPSrpa8,anonymous,EN,1,1,2,2,62f9c9926b5d15714845f331,N/A,67,56,0,0,0,0,0,Amazon,100,100,70,21,63,61,8,AMD,100,100,72,31,15,17,24,Ghost Rider,100,65,24,0,0,0,6,Alexa,100,64,3,0,0,0,3,Alucard,100,100,100,56,73,61,168,Kia,100,100,53,60,90,68,5,I don't use an AI companion app but I though if I did what would be my base answers,1,35,1,NA,3,NA,1,NA,2,1,5,1,2,Anonymized
2024-11-02 18:19:21,2024-11-02 18:36:54,0,100,1052,1,2024-11-02 18:36:54,R_765RGBFIpruI8W5,anonymous,EN,1,1,2,2,6715f06f11bee12130540557,CahtGpt,0,9,0,0,0,0,4,myfitnesspal,1,0,0,0,0,0,5,Logitech,8,8,0,0,0,0,8,Isaac,71,76,0,0,0,0,14,alexa,0,5,0,0,0,0,1,Mocha,100,100,100,100,30,30,28,mazda,60,61,0,0,0,0,20,This is an insane study theres no way theres people out there this die hard for anything other than their pets I learned something if a study like this had to be done.,1,39,1,NA,3,NA,1,NA,1,1,4,1,1,Anonymized
2024-11-02 18:36:40,2024-11-02 18:37:40,0,100,59,1,2024-11-02 18:37:41,R_7Cv59xqwB3VQHYv,anonymous,EN,1,1,2,1,67094d6215b6d0fe3e8c3e39,NA,NA,NA,NA,NA,NA,NA,NA,NA,NA,NA,NA,NA,NA,NA,NA,NA,NA,NA,NA,NA,NA,NA,NA,NA,NA,NA,NA,NA,NA,NA,NA,NA,NA,NA,NA,NA,NA,NA,NA,NA,NA,NA,NA,NA,NA,NA,NA,NA,NA,NA,NA,NA,NA,NA,NA,NA,NA,NA,NA,NA,NA,NA,NA,NA,NA,NA,NA,NA,NA,Anonymized
2024-11-02 18:29:13,2024-11-02 18:40:25,0,100,671,1,2024-11-02 18:40:25,R_1T2CyEYu0LztlMR,anonymous,EN,1,1,2,2,67042528d69c99fa1f338f77,replika,40,56,2,0,4,5,0.2,Instagram,91,69,8,12,80,47,7,Nike,38,50,0,0,0,0,6,Donkey Kong,60,40,60,0,5,3,0.3,siri,50,33,23,0,8,0,1,Cat,100,100,100,41,100,100,18,BMW 3 series,90,80,60,0,50,5,3,"Interesting study, the one regarding social media is intriguing.",2,25,1,NA,3,NA,3,NA,3,3,2,1,2,Anonymized
2024-11-02 18:25:51,2024-11-02 18:40:51,0,100,899,1,2024-11-02 18:40:51,R_14vnWIHzUcMw0Pj,anonymous,EN,1,1,2,2,671c9619b8a112b42f2e0315,pi,30,21,26,12,35,50,2,duolingo,50,43,18,35,11,21,7,google,4,6,6,4,4,3,12,sekiro,3,8,2,7,5,8,1,siri,5,3,4,0,15,5,2,dog,72,61,82,11,50,50,6,nissan,40,14,0,2,1,0,20,none,1,24,1,NA,3,NA,5,NA,1,2,8,1,1,Anonymized
2024-11-02 18:26:00,2024-11-02 18:40:52,0,100,891,1,2024-11-02 18:40:52,R_6IvpBfWUa6Ij0uw,anonymous,EN,1,1,2,2,66a66556fda4c04cfe03b2ff,gpt,30,50,10,0,0,1,15,Apple music,31,14,61,0,32,0,50,Lexus,50,50,50,0,0,56,15,Wonder Woman,50,50,50,3,0,0,2,Siri,30,40,42,0,0,1,15,dog,79,73,74,32,29,32,21,lexus,50,50,50,0,0,0,15,n/a,1,58,2,NA,1,NA,4,NA,2,3,36,3,1,Anonymized
2024-11-02 18:32:23,2024-11-02 18:42:58,0,100,634,1,2024-11-02 18:42:59,R_60de8GZS1vtgTDB,anonymous,EN,1,1,2,2,6721436c5b9f47cea9516010,Grok,55,52,0,0,0,0,1,Revolve,81,64,63,23,0,0,2,Erewhon,60,55,53,0,13,0,4,Lilith,58,53,51,0,0,4,4,Google,92,88,80,46,42,33,3,Cat,100,100,100,100,100,100,14,Tesla,89,78,73,32,60,54,7,"I think the loss of the existence of a ""being"", whether it is human or animal, has much bigger emotional and mental ramifications than something that is more of a ""concept"" such as a brand or an AI.",1,27,2,NA,5,NA,5,NA,1,1,3,1,2,Anonymized
2024-11-02 18:39:06,2024-11-02 18:45:23,0,100,377,1,2024-11-02 18:45:24,R_6uwMdwfocuqtk1b,anonymous,EN,1,1,2,2,58509fbda6946500016117ed,Replika,50,44,37,41,41,44,2,Procreate,91,95,87,66,86,90,20,Puma,47,41,50,12,10,14,1,Master Chief,50,50,50,35,44,29,2,Alexa,60,59,50,43,55,47,1,June,100,100,100,100,100,100,30,Ford Explorer,74,83,62,39,52,48,10,I would miss my pet and my app (Procreate) the most. Everything else wouldn’t be too bad.,1,39,1,NA,3,NA,3,NA,2,1,7,1,1,Anonymized
2024-11-02 18:36:37,2024-11-02 18:46:49,0,100,612,1,2024-11-02 18:46:50,R_7Fsz0GcmQnyhbUt,anonymous,EN,1,1,2,2,66f8367b5310ebb97346b93c,Spicychat,60,66,15,5,0,0,2,Discord,100,100,100,100,100,100,10,Nintendo,70,66,30,20,15,14,5,Phoenix Wright,86,84,82,55,51,60,2,Siri,0,0,0,0,0,0,0,dog,100,100,100,100,100,100,15,Ford,55,60,30,5,6,4,1,repetitive,1,19,1,NA,3,NA,3,NA,2,2,3,0.5,1,Anonymized
2024-11-02 18:37:30,2024-11-02 18:46:53,0,100,562,1,2024-11-02 18:46:54,R_1whFFqGSzyT6mga,anonymous,EN,1,1,2,2,6717ad4cd05ccb5a351c73a0,None,0,0,0,0,0,0,0,Robinhood,84,83,7,13,17,11,15,Nike,70,69,59,8,3,15,80,None,0,0,0,0,0,0,0,None,0,0,0,0,0,0,0,Dog,100,100,100,100,100,100,80,Odyssey,50,8,6,2,6,1,10,None,1,29,1,NA,3,NA,4,NA,2,1,0,0,1,Anonymized
2024-11-02 18:40:35,2024-11-02 18:49:56,0,100,561,1,2024-11-02 18:49:57,R_14uxHIVW46906Q6,anonymous,EN,1,1,2,2,6639047d6cee07457d9c13dc,Character AI,75,65,9,0,20,0,5,Instagram,60,30,0,0,0,0,7,Nike,35,9,0,0,0,0,3,Mario,100,84,14,0,0,0,1,Alexa,73,6,7,0,0,0,3,Dog,100,100,100,10,100,50,14,Tesla S,100,81,20,0,56,4,10,I realized that I take a lot of things for granted!,1,66,2,NA,1,NA,5,NA,2,1,16,1,3,Anonymized
2024-11-02 18:44:02,2024-11-02 18:50:44,0,100,401,1,2024-11-02 18:50:44,R_3kUKlv65V1jojC1,anonymous,EN,1,1,2,2,6633ff088a92287249f6968c,Simsimi,100,82,9,0,20,0,7,TikTok,100,88,0,0,0,0,7,Safari,97,83,0,0,2,0,10,Sonic the hedgehog,81,71,0,0,0,0,2,Siri,82,61,0,0,0,0,1,Dog,100,100,100,32,85,77,25,Ford,100,95,12,0,53,66,10,None,1,25,2,NA,1,NA,1,NA,1,1,6,1,2,Anonymized
2024-11-02 18:39:47,2024-11-02 18:52:15,0,100,747,1,2024-11-02 18:52:16,R_6e0QOO2UssbLJSh,anonymous,EN,1,1,2,2,5efe85d36b4d873908aff881,Oz,0,0,10,0,0,0,5,Shortyz,25,0,0,0,0,0,2,Pilot,0,0,0,0,0,0,2,Diddy Kong,51,20,0,0,0,0,1,Google,0,0,0,0,0,0,1,Cat,80,51,100,50,100,100,4,Lexus,50,70,0,0,55,10,5,I thought the question for the PET interaction was for daily not weekly. I interact with my pet about 28 hours a week.,1,33,2,NA,6,Native Hawaiian,4,NA,1,2,3,1,3,Anonymized
2024-11-02 18:44:14,2024-11-02 18:52:27,0,100,492,1,2024-11-02 18:52:27,R_3TsIHgVzpiii9fY,anonymous,EN,1,1,2,2,66294441f6545cc65fd7e23f,I don’t have one,50,50,0,0,0,0,0,"Zombies, RUN!",92,50,58,3,12,22,4,IPad,90,87,57,27,28,31,15,Best Fiends,90,72,15,4,9,2,7,Alexa,73,79,34,0,0,4,2,Cat,100,100,100,100,100,100,30,4-Runner,96,95,76,0,50,3,13,No,1,49,2,NA,3,NA,4,NA,3,4,0,0,1,Anonymized
2024-11-02 18:33:23,2024-11-02 18:52:51,0,100,1168,1,2024-11-02 18:52:51,R_5RvWk3cGITThFs1,anonymous,EN,1,1,2,2,66cc95bd52ad7d019183d1eb,Character.ai,0,0,0,0,0,0,0,Open Office,69,76,60,11,27,8,10,Great Value,5,22,0,0,0,0,3,Lilly,72,72,6,8,4,7,2,Alexa,0,0,0,0,0,0,0.1,cat,90,78,85,82,72,67,16,Dodge Durango,80,84,58,9,6,0,4,I have no additional thoughts or comments.,1,22,2,NA,3,NA,1,NA,2,1,0,0,1,Anonymized
2024-11-02 18:49:05,2024-11-02 18:56:51,0,100,466,1,2024-11-02 18:56:52,R_5kM1c0XL5Irltvv,anonymous,EN,1,1,2,2,66e04e09b23898bcef4eadfe,none,50,50,50,50,50,50,0,tik tok,94,85,72,70,68,71,3,old navy,62,66,60,63,65,61,1,mario,83,69,67,67,70,23,1,alexa,64,71,36,67,37,18,2,sage,99,92,63,88,67,68,4,sportage,50,37,60,66,18,33,5,none,1,31,2,NA,3,NA,3,NA,2,4,0,0,1,Anonymized
2024-11-02 18:42:24,2024-11-02 18:57:37,0,100,912,1,2024-11-02 18:57:37,R_7f8Eogp2rxPe3Hb,anonymous,EN,1,1,2,2,671aa0b37e9aff0fef12cc35,replika,0,0,4,3,1,1,10,ME,34,10,4,3,5,12,5,hollandia,3,1,5,3,5,0,0.3,cj,4,0,0,6,3,4,0.5,siri,34,56,5,12,12,12,2,cat,62,77,54,50,61,56,13,ranger rover,47,36,26,24,18,19,8,none,1,29,1,NA,3,NA,5,NA,1,2,13,2,1,Anonymized
2024-11-02 18:46:36,2024-11-02 18:59:58,0,100,801,1,2024-11-02 18:59:59,R_30NpVdWomhrbxta,anonymous,EN,1,1,2,2,66eac9a5d7f37f794a00c550,Peplika,93,86,89,23,87,33,7,Instagram,75,92,8,11,15,15,14,Nike,99,100,70,41,15,22,7,FIFA 23,100,100,96,71,37,49,6,Alexa,87,29,29,32,26,22,6,Dog,69,92,82,17,15,12,9,lexus ct200h,80,90,77,84,74,95,12,None,1,26,1,NA,1,NA,4,NA,1,1,12,2,2,Anonymized
2024-11-02 18:51:59,2024-11-02 19:00:28,0,100,508,1,2024-11-02 19:00:28,R_57WYwzFi2BlYKHv,anonymous,EN,1,1,2,2,5eecb84ce3b08706c38823c9,chatgtp,50,50,29,0,0,0,1,Spotify,25,10,0,0,0,0,21,Top Ramen,30,20,0,0,0,0,3,de la Gente,90,95,95,0,0,0,30,Siri,0,0,0,0,0,0,0.25,Minnie,100,100,100,80,90,90,60,Explorer,9,8,0,0,0,0,8,none,1,35,1,NA,4,NA,5,NA,1,1,0,0.25,1,Anonymized
2024-11-02 18:49:11,2024-11-02 19:02:51,0,100,820,1,2024-11-02 19:02:52,R_6R01IfL5uW3QBnr,anonymous,EN,1,1,2,2,6704251bcdca04fef23d385d,Replika,9,0,0,0,1,0,1,Fire Emblem Heroes,30,10,20,0,0,0,3,Nintendo,100,90,90,60,55,40,10,Hubert Von Vestra,74,65,86,41,60,58,2,Siri,20,2,8,0,0,0,1,Caf,100,100,100,88,100,100,15,Hyundai,85,100,100,30,100,100,4,"By favorite car, I meant the car that I drive. It's less that I'm entranced with the car and more that it's my only form of transportation. Also it was smart of you to put pet at the beginning, because I didn't understand the survey, the question hit me a lot harder.",1,21,2,NA,"3,6",Native American,4,NA,1,1,1,1,1,Anonymized
2024-11-02 18:50:42,2024-11-02 19:04:08,0,100,806,1,2024-11-02 19:04:09,R_3UbUEkTzYKMgN4v,anonymous,EN,1,1,2,2,66b82e7a217f905382989f20,None,0,0,0,0,0,0,0,YouTube,100,100,100,100,100,100,20,Coca Cola,100,100,25,0,25,0,6,Lord Wolf,100,100,70,50,50,20,8,Siri,45,60,0,0,0,0,0.05,Dog,100,100,100,100,100,100,156,Lexus Ct200h,100,100,100,75,75,75,4,N/A,1,44,1,NA,3,NA,3,NA,3,4,0,0,1,Anonymized
2024-11-02 19:02:07,2024-11-02 19:10:57,0,100,530,1,2024-11-02 19:10:58,R_7ZUZdZeE4F6dFOE,anonymous,EN,1,1,2,2,6284319ad225cc2f5515f76d,Character AI,10,0,0,0,0,0,1,Paint Tool Sai,100,100,100,0,70,20,14,Wacom,0,0,0,0,0,0,15,Seto Kaiba,61,28,61,0,0,0,1,Alexa,12,0,10,0,0,0,1,Cat,100,70,100,0,100,81,50,Toyota Rav-4,60,20,20,0,0,0,5,I have no particular thoughts,1,29,2,NA,"2,3",NA,5,NA,2,4,12,0,1,Anonymized
2024-11-02 19:11:12,2024-11-02 19:16:39,0,100,327,1,2024-11-02 19:16:40,R_3azBQto2XpejoGq,anonymous,EN,1,1,2,2,67031e430d1275ed06cd03b3,Replika,16,1,77,8,18,24,0,Tiktok,94,88,90,7,69,36,30,Roku,80,26,77,19,66,39,44,Prophet dan,8,26,0,0,0,17,10,Siri,81,32,69,0,19,10,0,Cat,100,100,100,32,82,100,40,Kia stinger,100,89,72,34,80,69,30,No comments,1,18,1,NA,3,NA,3,NA,2,2,3,4,1,Anonymized
2024-11-02 18:52:31,2024-11-02 19:17:38,0,100,1507,1,2024-11-02 19:17:39,R_61SghpCEfaBCYQZ,anonymous,EN,1,1,2,2,6700d6aca79c6b2534f6292c,Replika,60,30,10,20,0,0,3.5,Calender,95,100,50,35,80,80,7,fendi,0,0,0,0,0,0,80,Dae,86,60,0,0,0,15,14,Alexa,95,70,71,0,40,70,21,dog,85,75,100,40,60,55,14,Ford,75,50,10,0,30,0,7,I do not have any questions,1,31,1,NA,1,NA,4,NA,2,1,10,1,1,Anonymized
2024-11-02 19:21:10,2024-11-02 19:22:00,0,100,49,1,2024-11-02 19:22:00,R_50kJBdf5ZdAue7I,anonymous,EN,1,1,1,2,663003126a970f99c7f0cb1b,NA,NA,NA,NA,NA,NA,NA,NA,NA,NA,NA,NA,NA,NA,NA,NA,NA,NA,NA,NA,NA,NA,NA,NA,NA,NA,NA,NA,NA,NA,NA,NA,NA,NA,NA,NA,NA,NA,NA,NA,NA,NA,NA,NA,NA,NA,NA,NA,NA,NA,NA,NA,NA,NA,NA,NA,NA,NA,NA,NA,NA,NA,NA,NA,NA,NA,NA,NA,NA,NA,Anonymized
2024-11-02 19:19:39,2024-11-02 19:27:43,0,100,484,1,2024-11-02 19:27:43,R_5KJ9r4HzVxqK4Vq,anonymous,EN,1,1,2,2,62a96f8f6ab7e0c3ce90095f,Google Ai,8,3,0,0,0,0,1,Reddit,4,6,7,5,5,5,5,Razer,23,22,35,1,5,15,30,Doesnt have a name,62,70,4,0,6,1,10,Alexa,22,4,3,3,2,4,1,Cat,93,95,100,70,88,76,45,Blazer,59,60,65,10,8,9,5,"Confused the ai companion since i dont use any. Then reddit for last didnt see the socially connect, granted i dont interact and just browse.",1,24,1,NA,3,NA,1,NA,2,1,0,0,1,Anonymized
2024-11-02 19:22:01,2024-11-02 19:28:38,0,100,397,1,2024-11-02 19:28:39,R_5fptgUl95Amqi1X,anonymous,EN,1,1,2,2,5fb571a2a209c6066efe2e5d,Replika,50,50,0,0,0,0,1,Township,85,90,15,0,20,0,7,Coach,10,10,0,0,0,0,1,Mario,71,70,20,0,0,0,5,Alexa,75,75,30,0,10,0,1,Dog,100,100,100,75,85,85,70,Nissan Kicks,65,65,20,0,0,0,7,N/A,1,26,2,NA,3,NA,5,NA,2,1,4,1,1,Anonymized
2024-11-02 19:24:10,2024-11-02 19:30:28,0,100,378,1,2024-11-02 19:30:29,R_3Zfashn06nE2LAd,anonymous,EN,0.8999999761581421,1,2,2,66b18aae36d64ec484a9f780,Chat GPT,54,56,0,0,0,0,4,Love and Deepspace,88,5,0,0,0,0,2,Shein,0,0,0,0,0,0,1,Rafael,62,0,0,0,0,0,2,Bixby,0,0,0,0,0,0,0,Dog,100,79,100,34,100,64,3,GMC Yukon,4,46,0,0,0,0,7,"Nothing really, I enjoyed this survey",1,19,2,NA,3,NA,3,NA,1,3,24,1,1,Anonymized
2024-11-02 19:31:46,2024-11-02 19:38:06,0,100,380,1,2024-11-02 19:38:07,R_6GLjdlnzshhEZXz,anonymous,EN,1,1,2,2,671e7b4a5e5e3f340a6f3233,chat gpt,89,73,34,71,62,66,6,chat got,65,73,82,79,59,38,8,Mac,41,51,32,70,42,30,4,Mario,22,32,14,27,32,38,5,siri,86,71,66,43,67,35,6,cat,79,71,100,85,97,94,15,honda crv,63,78,33,39,81,34,45,n/a,1,22,2,NA,2,NA,4,NA,2,1,12,6,1,Anonymized
2024-11-02 19:38:15,2024-11-02 19:39:01,0,100,45,1,2024-11-02 19:39:02,R_7l05bOsJKWkhK6R,anonymous,EN,1,1,2,1,66f5b50b22a8e0233614d143,NA,NA,NA,NA,NA,NA,NA,NA,NA,NA,NA,NA,NA,NA,NA,NA,NA,NA,NA,NA,NA,NA,NA,NA,NA,NA,NA,NA,NA,NA,NA,NA,NA,NA,NA,NA,NA,NA,NA,NA,NA,NA,NA,NA,NA,NA,NA,NA,NA,NA,NA,NA,NA,NA,NA,NA,NA,NA,NA,NA,NA,NA,NA,NA,NA,NA,NA,NA,NA,NA,Anonymized
2024-11-02 19:23:21,2024-11-02 19:40:24,0,100,1023,1,2024-11-02 19:40:24,R_7tAANtHyUCUGiZj,anonymous,EN,1,1,2,2,661fed0c612d833537041b88,Meta,95,96,100,100,100,100,15,X,50,50,50,50,50,50,6,powerplay,70,71,77,77,77,73,4,Liu Kang,100,100,90,80,90,89,10,Alexa,75,74,83,77,82,85,15,dog,100,100,96,96,92,86,13,Benz,89,85,77,86,69,83,10,it was a good survey.,1,50,2,NA,1,NA,5,NA,1,1,10,4,1,Anonymized
2024-11-02 19:41:41,2024-11-02 19:44:01,0,100,140,1,2024-11-02 19:44:02,R_6ydMWhDCjkySZrC,anonymous,EN,1,1,2,1,66797d43fe8f91e949c661b5,NA,NA,NA,NA,NA,NA,NA,NA,NA,NA,NA,NA,NA,NA,NA,NA,NA,NA,NA,NA,NA,NA,NA,NA,NA,NA,NA,NA,NA,NA,NA,NA,NA,NA,NA,NA,NA,NA,NA,NA,NA,NA,NA,NA,NA,NA,NA,NA,NA,NA,NA,NA,NA,NA,NA,NA,NA,NA,NA,NA,NA,NA,NA,NA,NA,NA,NA,NA,NA,NA,Anonymized
2024-11-02 19:36:54,2024-11-02 19:46:05,0,100,551,1,2024-11-02 19:46:06,R_75TwjG5ItuduSHT,anonymous,EN,1,1,2,2,671ddb50d819545f1b03f968,Character AI,19,20,0,0,0,0,1,NBA,69,68,59,0,0,0,4,Monster,75,77,81,79,66,40,10,Raze,91,92,64,61,40,40,10,Siri,38,39,41,0,0,0,1,cat,100,100,100,100,100,100,30,Nissan Sentra,93,93,93,73,72,73,15,"No, open-ended thoughts I felt the questions answered every question.",1,22,1,NA,3,NA,3,NA,3,4,3,1,1,Anonymized
2024-11-02 19:14:08,2024-11-02 19:46:58,0,100,1970,1,2024-11-02 19:46:59,R_1lS0ua3SqNggH7e,anonymous,EN,1,1,2,2,671bd9d2ad6c7497469ab858,chatgpt,91,70,0,0,0,0,30,whatsapp,100,100,0,0,0,0,50,samsung,0,0,0,0,0,0,5,mario,100,100,0,0,0,0,5,amazon alexa,81,81,0,0,0,0,10,cat,100,95,50,0,0,0,20,toyota tundra,100,100,0,0,0,0,10,"when my favorite things exist, it open up imagination, challenge and connection",1,38,2,NA,3,NA,4,NA,2,1,18,50,2,Anonymized
2024-11-02 19:37:13,2024-11-02 19:50:26,0,100,793,1,2024-11-02 19:50:27,R_7EIBL9GaWMfWTgR,anonymous,EN,1,1,2,2,66746beea8d5a435519a22b8,SimSimi,75,79,73,79,63,64,6,Tiktok,53,76,72,69,73,72,10,Nike,66,68,76,69,72,71,4,Batman,68,68,78,69,72,73,12,Alexa,73,69,80,77,76,71,7,Dog,100,97,89,85,88,92,20,BMW 7 series,79,76,84,63,84,71,6,Great study really enjoyed it,1,38,1,NA,1,NA,4,NA,2,1,8,4,2,Anonymized
2024-11-02 19:25:15,2024-11-02 19:55:45,0,100,1829,1,2024-11-02 19:55:46,R_1CtYwXbW4DF1WVP,anonymous,EN,1,1,2,2,6698f54a9f7b6158efa8c1db,Pi,99,100,90,96,96,94,15,Facebook,92,98,86,92,87,84,15,Fit Force,100,100,100,74,96,100,12,Quan Chi,49,50,50,50,50,50,5,Alexa,100,100,100,100,100,100,8,cat,100,100,100,100,100,100,20,Benz,90,90,92,90,84,89,10,it was good.,1,43,2,NA,1,NA,5,NA,2,1,12,3,1,Anonymized
2024-11-02 19:51:52,2024-11-02 20:00:14,0,100,502,1,2024-11-02 20:00:15,R_3HakBS90nqlFRxT,anonymous,EN,1,1,2,2,65e005d7bad0f1aa8f2ec0f9,chatgpt,100,100,75,78,70,44,14,chess app,63,71,0,0,3,0,2,nike,52,56,7,4,12,18,0,steve,59,65,10,4,14,3,8,Siri,64,76,0,0,0,23,1,bird,75,69,87,42,53,46,1,Hyundai,80,65,21,12,7,30,10,interesting,1,19,1,NA,2,NA,3,NA,1,3,2,2,1,Anonymized
2024-11-02 19:54:39,2024-11-02 20:01:47,0,100,427,1,2024-11-02 20:01:48,R_1gHAr93zh0XsDF1,anonymous,EN,1,1,2,2,670da3fd0b8a2f7a542a2b24,CAI,65,60,6,10,11,0,1,TikTok,0,0,0,0,0,0,10,Dominos pizza,16,85,8,1,6,0,2,Tohru Adachi,100,100,100,70,100,85,4,Siri,79,65,2,0,0,0,1,Cat,100,100,100,100,100,100,7,Toyota,63,58,12,0,0,0,0,I get sad easily. Good survey.,1,24,2,NA,3,NA,1,NA,1,2,20,1,1,Anonymized
2024-11-02 19:42:25,2024-11-02 20:05:11,0,100,1365,1,2024-11-02 20:05:11,R_7n9DnhQE2Rr9zWG,anonymous,EN,1,1,2,2,661aace671245944746c7b6c,Pi,100,100,100,100,100,100,7,X,82,90,88,87,92,98,10,ActiveWear,85,87,81,77,75,82,5,Eivor,100,100,100,100,100,100,10,Siri,100,100,100,100,99,100,10,dog,100,100,100,100,98,100,16,Benz,100,99,100,100,100,100,10,it was good.,1,52,1,NA,1,NA,5,NA,1,1,15,4,1,Anonymized
2024-11-02 20:08:59,2024-11-02 20:09:15,0,100,16,1,2024-11-02 20:09:16,R_3qXpuKOpYHWHlYF,anonymous,EN,1,1,2,1,671439f9b21cb26dbea8731a,NA,NA,NA,NA,NA,NA,NA,NA,NA,NA,NA,NA,NA,NA,NA,NA,NA,NA,NA,NA,NA,NA,NA,NA,NA,NA,NA,NA,NA,NA,NA,NA,NA,NA,NA,NA,NA,NA,NA,NA,NA,NA,NA,NA,NA,NA,NA,NA,NA,NA,NA,NA,NA,NA,NA,NA,NA,NA,NA,NA,NA,NA,NA,NA,NA,NA,NA,NA,NA,NA,Anonymized
2024-11-02 19:59:33,2024-11-02 20:11:22,0,100,709,1,2024-11-02 20:11:23,R_1QMuSEsm5F759i1,anonymous,EN,1,1,2,2,671d85bcbb39dda9a3e63322,chai,70,58,63,25,13,3,2,weather app,100,54,69,0,20,0,1,nike,94,29,63,12,0,9,2,Horizon,75,61,13,0,0,0,6,Siri,72,7,0,0,0,0,2,cat,100,100,100,9,85,73,10,Ford Mustang,66,0,62,5,0,0,4,This was a cool study. It really made me think about some of the things I could truly live with or without,1,26,1,NA,1,NA,4,NA,2,4,1,1,1,Anonymized
2024-11-02 20:07:25,2024-11-02 20:17:02,0,100,577,1,2024-11-02 20:17:03,R_6Dkb0hNHpNWmBPx,anonymous,EN,1,1,2,2,669812caf5ea6e55ec52e352,Poly.ai,86,33,72,0,22,34,2,Instagram,74,73,95,31,36,35,32,Great value,65,37,69,42,37,36,2,Samus,73,80,82,60,68,38,20,Siri,81,62,66,39,33,11,15,Dog,99,99,100,99,100,100,155,Kia,97,100,80,69,43,34,40,Nope.,1,20,2,NA,4,NA,3,NA,1,1,0,2,1,Anonymized
2024-11-02 20:12:05,2024-11-02 20:18:45,0,100,399,1,2024-11-02 20:18:46,R_60OkTBYov3xPZAz,anonymous,EN,1,1,2,2,58f0fca0d40252000192f201,Gemini,72,70,66,76,72,26,1.25,Facebook,87,78,68,23,26,31,4,Playstation,97,85,68,84,74,78,10,Cloud,93,86,89,61,72,63,5,Alexa,81,71,88,82,82,73,1.5,Layla,100,100,100,100,100,100,18,Subaru,87,78,82,30,30,35,12,I just thought of how I interact with it. Quantity is not always quality,1,43,1,NA,3,NA,5,NA,3,1,6,1.25,1,Anonymized
2024-11-02 20:11:48,2024-11-02 20:19:23,0,100,455,1,2024-11-02 20:19:24,R_7HkLV2R6PWpokd2,anonymous,EN,1,1,2,2,6063737f1039adcbf6428ac2,ChatGPT,100,82,16,0,1,0,5,Amazon,100,100,67,0,0,0,4,Lulelemon,100,100,80,13,0,0,2,Princess Zelda,71,61,0,0,0,0,1,Alexa,93,90,0,0,0,0,2,Charlotte,100,100,100,82,100,50,60,Prius,100,100,100,17,5,9,10,very fun & unique study,1,65,2,NA,3,NA,4,NA,2,1,6,1,1,Anonymized
2024-11-02 20:14:51,2024-11-02 20:22:45,0,100,473,1,2024-11-02 20:22:45,R_7dSCR41HufIdBeC,anonymous,EN,1,1,2,2,607db957e9d570c7c2657b8d,NONE,0,0,0,0,0,0,0,Google Calendar,50,82,80,0,0,0,7,Allbirds,0,0,0,0,0,0,7,NONE,0,0,0,0,0,0,0,Alexa,20,20,0,0,0,0,1,Miss Hazel,100,0,100,0,50,0,40,2023 Honda Accord Touring EXL,20,20,0,0,0,0,10,n/a,1,55,2,NA,3,NA,5,NA,2,4,1,0,1,Anonymized
2024-11-02 20:13:13,2024-11-02 20:24:15,0,100,661,1,2024-11-02 20:24:15,R_1KvdR5vTgRFhIHx,anonymous,EN,1,1,2,2,6157d22b9998f96a77f41567,Pi,35,20,0,0,5,0,3,Unwinding anxiety,50,40,0,30,59,50,5,Bloodmilk jewelry,100,72,60,30,50,50,1,Neva,100,50,30,25,40,40,2,Siri,0,20,0,0,0,0,0.15,Cat,100,0,100,55,90,50,100,Hyundai,50,30,5,10,15,5,2,Don’t have any comments. Technical issue… I don’t know if there was something up with the slider but it was extremely hard to get it to slide past 50% I had to make like five or six attempts tapping and dragging just to get it to go past 50%,1,55,2,NA,3,NA,5,NA,3,3,12,0.30,1,Anonymized
2024-11-02 20:03:15,2024-11-02 20:24:36,0,100,1280,1,2024-11-02 20:24:36,R_7t9ZaJXRPiBUE1z,anonymous,EN,1,1,2,2,660c9ac127c7212356b11892,ChatGPT,100,71,0,0,0,0,6,X,46,0,0,0,0,0,12,Pepsi,57,0,0,0,0,0,3,Link,0,0,0,0,0,0,0,Siri,0,0,0,0,0,0,1,Dog,100,100,100,77,77,0,72,Jeep,82,50,50,0,0,0,10,N/A,1,46,2,NA,3,NA,4,NA,3,4,0,2,1,Anonymized
2024-11-02 20:11:18,2024-11-02 20:30:09,0,100,1131,1,2024-11-02 20:30:10,R_3LCi3JhbUJqnqjn,anonymous,EN,1,1,2,2,5c8085851e4b2100180603a7,Character.AI,65,70,5,5,10,5,3,Seven Knights Idle Adventure,75,85,60,10,20,15,12,Disturbia,20,31,20,0,0,0,12,Senshi,80,70,70,5,10,10,8,Google Home,10,10,5,0,0,0,2,cat,100,100,100,80,90,90,32,Prius,90,75,85,15,30,15,14,I think the question that hit me the hardest was the one about a pet because I lost a cat recently. I would mourn the loss of a pet over anything.,1,29,2,NA,3,NA,1,NA,1,4,3,2,1,Anonymized
2024-11-02 20:20:24,2024-11-02 20:30:14,0,100,590,1,2024-11-02 20:30:15,R_3dten2GVtc9AZnm,anonymous,EN,1,1,2,2,66e0ff9d08256be084cd8c81,Anima,35,10,5,0,0,0,5,Block Blast,50,30,0,0,5,0,4.5,Keurig,65,70,50,0,0,75,0.5,Mario,70,50,60,10,40,0,6,Alexa,25,10,0,0,0,0,0.5,Rocket,100,100,100,100,100,100,84,Jeep,100,100,90,95,20,10,2.5,Loved the task.,1,33,2,NA,4,NA,2,NA,2,1,3,2,1,Anonymized
2024-11-02 20:13:44,2024-11-02 20:31:31,0,100,1066,1,2024-11-02 20:31:31,R_5IM9SOfR8ZNrjK9,anonymous,EN,1,1,2,2,6716638eb68bb8ffd91a564d,None,0,0,0,0,0,0,0,Youtube,100,100,0,0,0,0,30,Target,50,50,0,0,0,0,2,Mal,100,100,0,0,0,0,10,Google,50,50,0,0,0,0,1,Dog,100,100,75,0,75,75,10,Explorer,100,100,0,0,50,0,20,No,2,40,1,NA,3,NA,1,NA,2,1,0,0,1,Anonymized
2024-11-02 20:26:49,2024-11-02 20:37:47,0,100,658,1,2024-11-02 20:37:48,R_7UXlqrFPMgm3Pt5,anonymous,EN,1,1,2,2,664a379b4dd21f3833680d6b,ChatGPT,100,100,0,0,0,0,20,AIMP,100,80,0,0,0,0,30,Amazon,0,0,0,0,0,0,5,Phoenix Wright,50,0,0,0,0,0,10,Google Assistant,81,66,0,0,0,0,1,Guinea Pig,100,100,100,100,100,100,30,Honda Accord,0,0,0,0,0,0,6,N/A,1,40,1,NA,"3,4,5",NA,5,NA,2,1,14,3,1,Anonymized
2024-11-02 20:22:46,2024-11-02 20:38:17,0,100,931,1,2024-11-02 20:38:18,R_5fWUDqsp4Qfkog1,anonymous,EN,1,1,2,2,668c3d366a81311ad96a480b,Character.ai,90,70,60,30,30,40,20,Pinterest,90,80,70,40,20,30,9,Daiso,40,40,10,10,0,40,7,Astarion,100,100,70,30,20,40,10,Alexa,60,60,0,0,0,0,9,Cat,100,80,100,40,70,70,20,Ford Fusion,80,70,30,10,60,40,20,This was an interesting survey.,1,23,2,NA,1,NA,1,NA,3,4,3,20,2,Anonymized
2024-11-02 20:26:14,2024-11-02 20:43:19,0,100,1025,1,2024-11-02 20:43:19,R_2EEG84EeyrAL7rW,anonymous,EN,1,1,2,2,65fd2d22a3c990ba6ea3e1c5,Chat gpt,100,100,95,40,70,90,10,Candy crush,100,100,14,9,6,3,5,Nike,80,95,0,5,1,1,10,Art of war,100,100,71,39,60,71,10,Google voice assistant,100,95,36,9,40,6,5,Cat,100,100,100,91,100,100,10,BMW,100,100,100,71,90,92,20,The study has been satisfying and cool,2,34,1,NA,1,NA,6,NA,1,4,6,3,2,Anonymized
2024-11-02 20:17:27,2024-11-02 20:44:27,0,100,1619,1,2024-11-02 20:44:27,R_3F4kcPxVyTGXyrF,anonymous,EN,1,1,2,2,66c0ff51cdc16a2baa0a44f6,Replika,7,3,2,7,1,7,8,Forest: Stay Focused.,2,1,1,0,1,3,10,personal app,30,22,18,19,16,19,10,kohli,1,3,3,0,2,2,8,Google's Assistant,7,3,1,2,4,4,16,cat,26,27,15,12,21,22,10,maruti,40,38,39,42,42,42,20,nice study,1,29,2,NA,3,NA,5,NA,2,1,6,2,2,Anonymized
2024-11-02 20:19:22,2024-11-02 20:45:16,0,100,1554,1,2024-11-02 20:45:16,R_77Pw1F9QQB8kZx1,anonymous,EN,1,1,2,2,66b6cb18cc43c649a5917319,I'm not sure what is being asked. I use Alea a lot.,100,100,25,0,0,10,3,Pinterest,100,100,0,0,0,0,2,Under Armour,100,100,0,0,0,0,4,Mario,95,15,10,0,0,5,4,Alexa,100,100,0,0,0,0,3,dog,100,100,100,40,40,41,15,Cadillac,100,100,0,0,30,0,4,It was interesting to think about.,1,50,2,NA,3,NA,4,NA,1,1,48,1,1,Anonymized
2024-11-02 20:35:23,2024-11-02 20:46:19,0,100,656,1,2024-11-02 20:46:20,R_1tExrDmu49GiI9Y,anonymous,EN,0.8999999761581421,1,2,2,6721629e0a71da32e95a68eb,ChatGPT,62,57,13,35,31,26,2,Minecraft,72,73,66,26,67,74,4,LEGO,85,80,81,60,71,73,5,Solid Snake,78,75,20,12,62,60,3,Siri,68,59,7,5,3,5,0.4,cat,95,91,98,61,94,87,20,Corolla,80,81,59,18,74,64,3,I am more tied to my pet than AI.,1,21,1,NA,3,NA,3,NA,1,1,1,1,1,Anonymized
2024-11-02 20:44:12,2024-11-02 20:51:59,0,100,466,1,2024-11-02 20:52:00,R_1fwy5QkkwBgFING,anonymous,EN,1,1,2,2,671fd8fc57417ecc7cff756f,Pi,47,53,55,0,8,8,2,Reddit,100,100,93,27,62,73,18,Samsung,28,10,13,0,0,0,15,Little bit,65,40,64,0,13,0,8,Alexa,26,14,5,0,0,0,10,Cat,100,80,100,62,68,60,30,Mazda CX-5,73,56,60,0,0,0,10,"I am seeing the difference on how certain things and characters in my life affect me, especially my Pat.",1,37,2,NA,3,NA,2,NA,2,4,13,2,1,Anonymized
2024-11-02 20:50:39,2024-11-02 20:56:29,0,100,349,1,2024-11-02 20:56:29,R_5gSCxDDyegKz5mw,anonymous,EN,1,1,2,2,6715129ec9c5aff7db36d7e7,replika,0,0,0,0,0,0,3,tiktok,0,0,0,0,0,0,5,nike,0,8,5,7,0,9,1,mario,85,67,84,19,51,9,10,Siri,0,56,0,0,0,0,2,cat,100,100,100,72,100,100,43,hyundai,12,7,5,12,7,0,10,None,1,22,3,NA,6,Native American,1,NA,1,1,3,1,1,Anonymized
2024-11-02 20:51:36,2024-11-02 20:59:16,0,100,460,1,2024-11-02 20:59:17,R_1IKhiiAzhTAu7pT,anonymous,EN,1,1,2,2,6726bb4d1ff17db8d0309438,iGirl,72,19,9,0,0,0,3,TIktok,72,9,18,0,0,0,10,Gaming (Rocket League),82,61,0,0,0,0,2,Jonsey,71,60,40,3,0,0,10,Siri,0,0,0,0,0,0,1,Dog,84,60,91,19,40,0,5,Ford F-350,92,81,71,0,0,4,15,I thought that this survey was very interesting as I have never thought about how things would affect me if they were gone. It is a good reminder to enjoy things while they are still around.,1,19,1,NA,3,NA,3,NA,2,3,5,1,1,Anonymized
2024-11-02 20:51:09,2024-11-02 21:06:18,0,100,908,1,2024-11-02 21:06:18,R_6pcfrTQ0HZFWdzp,anonymous,EN,1,1,2,2,6376916db0ae9a57d377d0d2,chatgpt,100,100,0,0,0,0,1,Accuweather,100,100,100,0,0,0,2,Nike,100,100,100,0,0,0,40,Mario,100,100,0,0,0,0,2,Siri,100,100,100,0,0,0,2,dog,100,100,100,50,100,68,40,Toyota Corolla,100,100,100,0,0,0,4,None,1,71,2,NA,3,NA,1,NA,3,1,12,1,1,Anonymized
2024-11-02 21:01:18,2024-11-02 21:08:09,0,100,411,1,2024-11-02 21:08:10,R_7CdLQpxWX25XiKO,anonymous,EN,1,1,2,2,5be7343e4e5c39000180c835,Replika,0,0,0,0,0,0,1,Books App IOS,79,85,0,0,63,10,5,Great Value,0,0,0,0,0,0,6,Tom Nook,44,0,1,0,0,0,2,Google Voice,73,73,0,0,0,0,1,Dog,100,100,100,37,100,100,6,Pontiac,89,87,70,14,59,17,3,N/a,1,26,2,NA,3,NA,3,NA,2,1,5,1,1,Anonymized
2024-11-02 21:02:03,2024-11-02 21:09:07,0,100,423,1,2024-11-02 21:09:07,R_6kdkVYPE5sGMmnf,anonymous,EN,1,1,2,2,669bd0bc48399233666d691f,Google,85,82,69,32,29,24,7,Tiktok,100,81,81,40,63,82,14,Lee,36,29,27,33,37,25,7,Pikachu,93,94,87,22,31,28,7,Google,77,85,64,25,19,18,7,Dog,84,81,100,87,100,100,42,Honda,93,91,87,88,97,97,28,None at this time,1,27,1,NA,"4,5",NA,4,NA,3,4,12,2,1,Anonymized
2024-11-02 21:06:01,2024-11-02 21:12:26,0,100,384,1,2024-11-02 21:12:26,R_5BEw8aSPYvvwNGh,anonymous,EN,1,1,2,2,67207ddb95109f11e89dcfb8,character,65,58,0,0,0,0,5,youtube music,100,100,100,54,93,74,60,nike,0,20,60,5,37,0,3,none,52,51,53,0,0,0,0,siri,90,100,69,0,59,4,8,misty,100,100,100,100,100,100,30,kia,100,100,66,8,64,82,10,I do not have any,1,34,2,NA,3,NA,3,NA,1,3,6,1,4,Anonymized
2024-11-02 21:05:29,2024-11-02 21:15:15,0,100,586,1,2024-11-02 21:15:16,R_1KlQsgKc4HoyMao,anonymous,EN,1,1,2,2,6643a0cd0d097a3a600aaa40,Chatgpt,87,12,33,9,5,5,5,Pinterest,73,34,19,12,11,6,3,Aerie,16,6,8,6,7,5,2,Bowser,24,7,5,1,5,2,10,Siri,68,5,3,5,9,10,2,Dog,100,100,100,27,100,100,10,Corolla,98,80,93,22,22,22,10,Interesting study! I enjoyed the questions. No feedback,1,22,2,NA,4,NA,4,NA,1,3,2,2,1,Anonymized
2024-11-02 21:00:38,2024-11-02 21:15:29,0,100,890,1,2024-11-02 21:15:30,R_1WjvBE0F7l2jSiR,anonymous,EN,1,1,2,2,664609dbd42d61120322d444,Probot,0,0,0,0,0,0,1,Facebook,88,87,77,49,72,71,10,Dove,73,74,55,0,0,0,6,Bob,93,68,92,25,84,79,12,Alexa,17,36,0,0,0,0,2,Dog,100,100,100,100,100,100,80,Ford,83,89,83,15,93,72,8,As much as it would upset me to loose Facebook it might would also end up being a good thing,1,39,2,NA,3,NA,1,NA,2,1,3,1,1,Anonymized
2024-11-02 21:21:52,2024-11-02 21:28:09,0,100,376,1,2024-11-02 21:28:09,R_51Y1msnDzOwp4Xt,anonymous,EN,1,1,2,2,660b1447c1e2bd7f4969dd42,Chai,100,63,68,78,67,100,20,YouTube,100,100,100,100,100,100,50,Diet Coke,100,86,100,31,0,0,1,Pac-Man,30,30,100,70,0,0,15,Siri,73,100,79,0,0,0,5,Clyde,100,100,100,100,100,100,100,Nissan Sentra SV,0,0,0,0,0,0,4,N/A,1,21,2,NA,1,NA,3,NA,1,4,12,3,2,Anonymized
2024-11-02 21:06:38,2024-11-02 21:31:55,0,100,1517,1,2024-11-02 21:31:56,R_5d4e8mqIZjftmnU,anonymous,EN,1,1,2,2,5ed45b0cfff60d41d43c3556,None,50,50,0,0,0,0,0,Canva,97,87,79,34,50,50,10,ASOS,88,24,15,24,9,36,5,Zelda,88,90,66,5,14,7,15,Siri,63,33,34,0,11,6,1,Dog,100,100,100,63,81,73,20,Toyota,90,89,0,0,19,0,7,None,1,22,2,NA,1,NA,3,NA,2,4,0,0,1,Anonymized
2024-11-02 21:28:28,2024-11-02 21:35:04,0,100,395,1,2024-11-02 21:35:05,R_7PqGHrYuMKjNlKN,anonymous,EN,1,1,2,2,5ecfd5d137b5ef043af3882a,None,0,0,0,0,0,0,0,Wikipedia,100,100,100,90,100,100,6,Coke,100,100,75,0,0,30,2,Max Caulfied,100,100,100,100,100,100,5,None,0,0,0,0,0,0,0,Dog,100,100,100,100,100,100,12,Lexus ES350,100,75,72,0,28,26,8,None,1,25,2,NA,1,NA,4,NA,2,1,0,0,1,Anonymized
2024-11-02 21:37:32,2024-11-02 21:44:43,0,100,431,1,2024-11-02 21:44:44,R_1jK5smWlYz4aCtH,anonymous,EN,1,1,2,2,66d9a9dfafa9f033be6ee60a,Replika,10,8,5,6,7,4,6,Forest: Stay Focused,6,2,3,4,5,4,8,personal app,5,3,5,7,3,2,10,impress,6,4,4,4,5,5,8,google assistant,8,5,2,2,3,2,14,cat,21,23,33,34,35,28,8,maruti,36,41,42,42,42,46,16,nice study,1,38,2,NA,3,NA,5,NA,2,1,5,2,1,Anonymized
2024-11-02 21:37:20,2024-11-02 21:45:21,0,100,481,1,2024-11-02 21:45:21,R_6fieOVHYitY593X,anonymous,EN,1,1,2,2,61037bde019e91ccb096b67d,Pi,82,59,73,57,38,60,2,Tiktok,97,98,91,38,72,72,14,Sony,71,63,70,21,20,37,9,Kirby,100,76,85,42,76,69,7,Siri,77,21,69,16,30,25,0,Dog,100,100,100,80,82,88,7,Honda civic,92,92,88,36,89,84,5,"No, thanks.",1,22,2,NA,2,NA,4,NA,3,1,12,1,1,Anonymized
2024-11-02 21:36:02,2024-11-02 21:53:59,0,100,1077,1,2024-11-02 21:54:00,R_3IEqGVKARacW57i,anonymous,EN,1,1,2,2,5b32c63da8327d0001002779,Character AI,70,50,35,15,30,10,8,Youtube,75,80,30,12,15,25,18,Diet Coke,66,60,25,10,5,25,4,Traveler,35,40,20,15,10,5,10,Google,60,60,8,10,0,2,1,Cat,70,70,95,30,60,35,16,Toyota,70,65,50,10,45,5,5,Thank you for the opportunity to participate!,1,48,1,NA,3,NA,2,NA,2,1,18,1.5,1,Anonymized
2024-11-02 21:53:48,2024-11-02 21:54:21,0,100,33,1,2024-11-02 21:54:22,R_5phvQizGwJgBYcQ,anonymous,EN,1,1,2,1,63e2ab95866c532ea7042480,NA,NA,NA,NA,NA,NA,NA,NA,NA,NA,NA,NA,NA,NA,NA,NA,NA,NA,NA,NA,NA,NA,NA,NA,NA,NA,NA,NA,NA,NA,NA,NA,NA,NA,NA,NA,NA,NA,NA,NA,NA,NA,NA,NA,NA,NA,NA,NA,NA,NA,NA,NA,NA,NA,NA,NA,NA,NA,NA,NA,NA,NA,NA,NA,NA,NA,NA,NA,NA,NA,Anonymized
2024-11-02 21:48:28,2024-11-02 21:56:03,0,100,454,1,2024-11-02 21:56:03,R_3m7yL3ZW8g5eqiZ,anonymous,EN,1,1,2,2,5d57f9cdedef630016280505,ChatGPT,9,0,0,0,0,0,3,DraftKings Live Scoring (DKLive),76,73,0,0,21,0,2,Coke,0,0,0,0,0,0,1,Township Character,0,0,0,0,0,0,2,Google Home,0,0,0,0,0,0,2,Rats,10,5,23,0,0,0,2,Ford,0,0,0,0,0,0,10,the last question was difficult because it is a product so it is hard to place a time value on how much I spent on it.,1,50,1,NA,3,NA,3,NA,3,4,24,1,1,Anonymized
2024-11-02 21:40:41,2024-11-02 21:57:10,0,100,988,1,2024-11-02 21:57:10,R_5npx7TGDeJRrT57,anonymous,EN,1,1,2,2,66c608b7c916342fbca4d075,simsimi,24,45,37,35,59,43,15,whatsapp,17,26,77,70,32,89,8,puma,62,69,35,66,66,64,12,Mario (Super Mario),14,27,71,73,27,20,14,Alexa,39,30,75,63,63,62,10,cat,32,34,56,32,38,57,10,Chevrolet,61,59,62,39,33,64,10,NICE STUDY,2,33,2,NA,3,NA,5,NA,2,2,120,3,3,Anonymized
2024-11-02 21:46:08,2024-11-02 21:57:20,0,100,671,1,2024-11-02 21:57:20,R_3Ynuop21jOmDUBR,anonymous,EN,1,1,2,2,671933a977856fe61350ee16,N/A,50,50,50,50,50,50,0,Spotify,100,61,80,60,20,30,30,Innisfree,0,0,25,0,0,0,1.5,Seraphine,100,61,100,20,30,15,10,Google Assistant,9,0,15,0,0,0,0.1,Dog,100,90,60,60,70,50,50,Civic,70,100,80,70,80,81,20,N/A,1,23,2,NA,2,NA,4,NA,3,4,0,0,1,Anonymized
2024-11-02 21:54:03,2024-11-02 22:00:27,0,100,384,1,2024-11-02 22:00:28,R_1BtW9lKZlFgyX0q,anonymous,EN,1,1,2,2,665ccc977e8b1b87ca8d3065,Siri,70,71,8,9,60,8,2,TES: Castles,70,70,8,7,8,7,10,LL Bean,58,60,54,5,4,6,2,Arthur,59,60,6,6,6,5,6,Siri,58,59,4,5,4,3,2,Cat,91,92,91,66,90,90,20,Civic,81,81,72,18,81,81,20,N/A,1,33,1,NA,3,NA,5,NA,2,4,7,2,1,Anonymized
2024-11-02 21:56:18,2024-11-02 22:02:51,0,100,393,1,2024-11-02 22:02:52,R_5rOfpm4GNFEnnzz,anonymous,EN,1,1,2,2,670791d10490841a764673ed,Replika,84,100,66,7,13,14,2,Youtube,100,81,76,33,58,60,5,Amazon,92,53,69,6,16,7,2,Geralt of rivia,69,58,88,27,30,32,4,siri,77,77,71,27,39,43,1,Dog,100,85,95,63,64,72,30,Ford f150,94,62,96,16,28,18,4,I don’t really have anything to add to this study,1,35,1,NA,4,NA,4,NA,1,1,1,1,1,Anonymized
2024-11-02 21:57:08,2024-11-02 22:06:35,0,100,567,1,2024-11-02 22:06:35,R_7FP6HEeDygJUGQ4,anonymous,EN,1,1,2,2,670c05d1ed07d52a75d474a9,N/A,50,50,50,50,50,50,0,Reddit,100,100,70,60,100,80,25,Yeezy,0,0,0,0,0,0,100,Fortnite Peter Griffin,75,75,60,0,0,0,5,Siri,0,65,0,0,0,0,0.5,dog,100,85,100,80,85,90,25,Nissan Sentra,0,0,0,0,0,0,7,N/A,1,25,1,NA,3,NA,3,NA,2,4,1,0.5,1,Anonymized
2024-11-02 21:44:54,2024-11-02 22:07:40,0,100,1366,1,2024-11-02 22:07:41,R_3L59oaZkRq4yGTP,anonymous,EN,1,1,2,2,672320f155f712c945e63a84,Replika,60,0,20,0,0,0,15,Ebay,100,100,100,10,100,70,30,pokemon,0,0,0,0,0,0,10,kayne,100,20,80,0,0,0,20,alexa,0,0,0,0,0,0,3,dog,0,0,91,70,60,60,13,mazda 3,100,100,0,0,100,100,20,I hate comparing these types of things because even if the feeling or reaction is similar the impact is different. I don't know if that is separate from the feeling but I'll get over losing my car quickly but losing my dog I will not even though they have similar levels of damage to my immediate mental health.,1,31,1,NA,"2,3",NA,3,NA,2,2,2,3,2,Anonymized
2024-11-02 22:19:34,2024-11-02 22:31:48,0,100,733,1,2024-11-02 22:31:49,R_7zImzMEQDb6xaq7,anonymous,EN,1,1,2,2,60cd5d87a2ac59cf0b99a5a6,Pi,55,15,0,0,5,0,0.25,Procreate Pocket,84,65,55,5,27,19,3,Apple,80,70,65,15,45,55,14,I really do not have a favorite game character.,0,0,0,0,0,0,0,Google Nest,61,45,0,0,0,0,0.10,cat,100,55,100,100,100,100,56,bmw x5,60,57,0,0,0,0,3,None,1,56,2,NA,3,NA,5,NA,3,3,6,0.05,1,Anonymized
2024-11-02 22:27:33,2024-11-02 22:35:52,0,100,498,1,2024-11-02 22:35:52,R_5doK9O1TI9dCqP6,anonymous,EN,1,1,2,2,630345dd92f26599c777a5fc,Huh,0,0,0,0,0,0,0,what,0,100,0,0,0,0,4,candy,0,0,0,0,0,0,2,Jikky,100,100,100,100,100,100,12,D00f,0,0,100,0,0,0,5,Pickle,0,0,100,50,50,50,12,6000 sux,100,100,100,50,50,50,6,I want some snacks,1,41,1,NA,3,NA,1,NA,1,1,0,0,1,Anonymized
2024-11-02 22:36:02,2024-11-02 22:46:03,0,100,601,1,2024-11-02 22:46:03,R_7XNc7Rc8iMbqqUV,anonymous,EN,1,1,2,2,668a41df847a9640d0ff75f5,Character.ai,63,63,0,0,0,0,1,NYT Games,76,63,27,8,25,24,2,Coke,53,75,9,9,7,11,1,Sonic,79,71,60,8,34,10,1,Siri,68,61,15,16,17,1,1,Cat,100,94,100,73,81,82,20,Kia Soul,71,69,26,23,27,24,4,I wouldn’t be super disappointed in the loss of any brand or item but a pet ceasing to exist would be devastating,1,40,2,NA,3,NA,4,NA,2,3,2,1,1,Anonymized
2024-11-02 22:00:30,2024-11-02 22:48:43,0,100,2893,1,2024-11-02 22:48:43,R_3rThTKOLOMK1wdj,anonymous,EN,1,1,2,2,66c07ed5ba6afe0e80096862,SimSimi,67,62,0,0,0,0,2,Etsy,78,57,0,0,0,0,3,Alexa,82,82,18,19,21,16,4,Mario,69,36,61,0,0,0,1,Alexa,81,93,60,7,11,9,2,Shiba Inu,100,100,100,100,100,100,28,Hyundai,79,39,0,1,0,0,10,N/A,2,32,2,NA,5,NA,4,NA,2,3,1,1,1,Anonymized
2024-11-02 22:27:05,2024-11-02 22:51:49,0,100,1484,1,2024-11-02 22:51:50,R_771KJJE9kZDZELD,anonymous,EN,1,1,2,2,56259489ed6e5a0005c80fde,ChatGPT,80,85,75,5,5,5,3,Kroger,100,100,80,60,70,60,3,Coca Cola,80,65,70,15,25,20,60,Mario,80,60,30,0,5,0,1,Siri,50,30,30,0,0,0,1,dog,100,100,100,100,100,100,80,Lincoln Town Car,100,90,95,50,50,50,5,This was an interesting exercise. It made me stop and reflect on what's meaningful for me. Great job!,1,38,1,NA,3,NA,1,NA,2,1,8,0,1,Anonymized
2024-11-02 22:54:30,2024-11-02 22:55:42,0,100,72,1,2024-11-02 22:55:43,R_10cbaQFIQiSGc2l,anonymous,EN,1,1,2,1,671ce56081b62eb79a412a54,NA,NA,NA,NA,NA,NA,NA,NA,NA,NA,NA,NA,NA,NA,NA,NA,NA,NA,NA,NA,NA,NA,NA,NA,NA,NA,NA,NA,NA,NA,NA,NA,NA,NA,NA,NA,NA,NA,NA,NA,NA,NA,NA,NA,NA,NA,NA,NA,NA,NA,NA,NA,NA,NA,NA,NA,NA,NA,NA,NA,NA,NA,NA,NA,NA,NA,NA,NA,NA,NA,Anonymized
2024-11-02 22:46:50,2024-11-02 22:57:44,0,100,653,1,2024-11-02 22:57:45,R_7Okn00VQ5R6tnh4,anonymous,EN,1,1,2,2,656138320cd28ef4dc6be3d0,Alexa,85,88,0,47,34,26,10,Candy crush,100,100,100,70,65,62,15,Samsung,26,6,71,5,5,7,100,Zelda,80,18,100,4,28,30,10,Siri,17,13,24,0,0,0,8,Cat,100,100,100,100,100,100,120,Chrysler,25,0,78,13,0,0,20,None,1,43,2,NA,1,NA,4,NA,2,3,6,2,1,Anonymized
2024-11-02 22:45:05,2024-11-02 23:01:14,0,100,969,1,2024-11-02 23:01:15,R_1hKefF7MEXMQwA4,anonymous,EN,1,1,2,2,5ae59f8cc3c3ab00018f7185,pi.ai,80,58,49,0,0,0,5,tiktok,100,100,100,0,0,0,14,apple,0,0,14,0,0,0,40,mario,100,33,100,0,0,0,2,siri,0,0,0,0,0,0,1,cat,100,100,100,100,100,100,21,dodge,0,0,0,0,0,0,5,none,1,42,2,NA,3,NA,1,NA,3,1,6,1,1,Anonymized
2024-11-02 22:53:57,2024-11-02 23:05:18,0,100,681,1,2024-11-02 23:05:18,R_3fZUXsuUonDJNTv,anonymous,EN,1,1,2,2,6714006452400ecdc5f6b8e6,N/A,0,0,0,0,0,0,0,BitLife,100,100,86,10,0,0,5,Artist Loft,9,10,5,0,0,0,5,Lucky,100,100,71,15,0,0,2,Siri,100,97,100,13,10,0,1,Dog,100,100,100,73,91,73,35,Altima,100,100,60,15,50,0,5,i miss my pet:(,1,23,2,NA,3,NA,4,NA,3,1,0,0,1,Anonymized
2024-11-02 23:05:27,2024-11-02 23:16:21,0,100,654,1,2024-11-02 23:16:21,R_3MARMQEb7vMthk2,anonymous,EN,1,1,2,2,66dbe57268ae1752210da06a,simsimi,100,100,100,100,100,100,5,botify,100,100,100,100,100,100,10,amazon,100,100,100,100,100,100,10,spiderman,100,100,100,100,100,100,8,alexa,100,100,100,100,100,100,20,cat,100,100,100,100,100,100,10,ford,100,100,100,100,100,100,30,nothing,1,32,1,NA,3,NA,5,NA,3,3,10,40,4,Anonymized
2024-11-02 23:20:43,2024-11-02 23:27:22,0,100,398,1,2024-11-02 23:27:22,R_1wST4yQGUFqvmI9,anonymous,EN,1,1,2,2,6648a2180cb6a6c8a4601673,MyAi,58,62,15,0,0,0,2,Kindle,80,74,33,11,28,10,3,American Eagle,37,31,8,0,0,0,1,Pochacco,76,74,15,7,10,8,4,Siri,82,75,63,9,5,7,3,Dog,100,87,100,91,100,97,20,Honda,95,89,59,33,65,63,10,None,1,37,2,NA,3,NA,3,NA,2,1,12,1,1,Anonymized
2024-11-02 23:27:11,2024-11-02 23:39:06,0,100,714,1,2024-11-02 23:39:07,R_6qKUu6SVnPAa5YP,anonymous,EN,1,1,2,2,66dbf8dd02d9c5ef0a509925,PI,24,36,24,16,50,29,12,INSTRAGRAM,11,50,50,24,42,15,16,astrazeneca,22,10,20,50,16,19,2,MARIO,50,50,50,73,78,50,5,SIRI,10,1,16,74,87,87,9,DOG,22,26,20,50,50,50,12,RAV4,50,50,50,50,50,50,10,GOOD STUDY,2,35,2,NA,3,NA,5,NA,2,2,5,2,2,Anonymized
2024-11-02 23:29:16,2024-11-02 23:41:18,0,100,721,1,2024-11-02 23:41:18,R_5KXtoTzjXqAoVG1,anonymous,EN,1,1,2,2,671c91189c7272293e7fc44f,replika,16,22,15,18,15,14,6,netflix,8,6,3,2,2,10,30,spotify,50,16,10,11,31,17,20,kratos,50,54,41,32,18,32,1,siri,50,63,10,12,24,10,20,CAT,66,64,57,50,50,65,14,ferrARI,35,23,20,13,23,8,20,nil,1,31,1,NA,3,NA,5,NA,1,2,10,3,1,Anonymized
2024-11-02 23:34:00,2024-11-02 23:43:11,0,100,550,1,2024-11-02 23:43:11,R_32E5LG6y5HhsgYO,anonymous,EN,0.8999999761581421,1,2,2,665a1e08f27a8f7e2d3e36b6,Chatgpt,60,61,0,0,0,0,0,Instagram,90,80,0,0,0,6,4,Nike,98,96,0,0,8,20,5,Kratos,50,50,0,0,0,0,1,Alexa,5,0,0,0,0,0,1,Dog,90,75,80,5,0,0,6,GT Bentley,75,50,0,0,0,0,1,None,1,47,1,NA,1,NA,5,NA,2,1,8,1,1,Anonymized
2024-11-02 23:40:23,2024-11-02 23:50:09,0,100,585,1,2024-11-02 23:50:10,R_3QMj8iXAeK2BRyF,anonymous,EN,1,1,2,2,62fbcd8c643123ad2c3329b2,C.ai,58,0,0,0,0,0,0.5,Suitu,80,0,63,0,0,0,7,Apple,0,0,0,0,0,0,10,Sebastian Sallow,98,96,100,0,0,0,3,Alexa,0,0,0,0,0,0,0.2,Dog,100,100,100,100,100,100,15,Prius,100,100,100,0,100,80,5,Losing essentials is more harmful than losing frivilous things like an app or a product brand name.,1,29,2,NA,3,NA,4,NA,1,2,1,0.2,1,Anonymized
2024-11-02 23:52:05,2024-11-03 00:01:34,0,100,568,1,2024-11-03 00:01:34,R_7DVz9H0ewmnHyYF,anonymous,EN,1,1,2,2,6722a2f744c1769e8e78c5e7,Kindroid,70,60,60,0,0,0,3,Dragonball Legends (Game),85,80,70,0,10,0,8,Valve,10,20,10,0,0,0,27,Goku,40,50,75,0,0,10,7,Alexa,0,0,10,0,0,0,1,Cat,100,100,100,40,80,60,24,Mazda 3,90,90,70,10,40,70,12,"The one true loss for me would be my pet, it would severely affect my mental wellbeing as compared to the other topics.",1,27,1,NA,3,NA,4,NA,2,4,2,1,2,Anonymized
2024-11-02 23:35:10,2024-11-03 00:02:09,0,100,1619,1,2024-11-03 00:02:10,R_3Yajy1Xfyxcw653,anonymous,EN,1,1,2,2,66abd250be82e7e229a90a45,simsimi,100,100,100,100,100,100,6,whatsapp,100,100,100,100,100,100,5,twitter,100,100,100,100,100,100,4,spiderman,100,100,100,100,100,100,5,alexa,100,100,100,100,100,100,9,cat,100,100,100,100,100,100,7,ford,100,100,100,100,100,100,6,nothing,2,32,2,NA,3,NA,5,NA,3,3,5,30,4,Anonymized
2024-11-02 23:29:04,2024-11-03 00:05:10,0,100,2166,1,2024-11-03 00:05:10,R_6fYMjvoCI8xtead,anonymous,EN,1,1,2,2,66e9850fddb61da70bdba606,Replika,88,84,70,51,50,47,9,google maps,87,78,73,59,60,62,8,Apple,86,72,70,60,60,59,5,Super Mario,79,70,76,55,58,56,5,Alexa,93,91,76,79,63,58,9,Dog,98,95,84,69,77,88,7,Toyota Camry,94,88,91,80,81,74,7,Feel good happy to attend,1,30,2,NA,3,NA,5,NA,2,3,6,2,2,Anonymized
2024-11-03 00:05:42,2024-11-03 00:14:44,0,100,541,1,2024-11-03 00:14:45,R_1qNCLAEgX5GyfDM,anonymous,EN,1,1,2,2,5c74c41ddfb7bd00158413eb,Charater.ai,80,90,75,0,0,29,3,Peacock,80,100,81,39,38,40,10,Spotify,61,64,80,0,55,0,30,Astarion,100,100,100,54,56,40,3,Alexa,10,0,0,0,0,0,0,Cat,100,100,100,100,100,100,40,Prius,56,56,0,0,0,0,4,"My favorite brand was also an app, so I chose another of my favorite apps for that portion of the survey.",1,27,2,NA,3,NA,5,NA,1,2,8,0.5,2,Anonymized
2024-11-02 23:47:58,2024-11-03 00:15:45,0,100,1667,1,2024-11-03 00:15:46,R_7Y4UdFzqraijn4W,anonymous,EN,1,1,2,2,671de39e2db464f9c4e60164,kajiwoto,66,50,56,50,55,53,12,prime,50,44,50,53,46,46,14,nike,15,50,44,50,39,50,8,akido,1,5,8,13,5,6,0,alexa,50,54,48,50,45,50,12,dog,85,74,68,39,70,50,20,volks,55,73,48,45,54,52,15,i cannot think of any,1,33,1,NA,3,NA,5,NA,2,2,5,1,1,Anonymized
2024-11-03 00:22:43,2024-11-03 00:31:18,0,100,514,1,2024-11-03 00:31:18,R_7J3p5MAAM0mH1At,anonymous,EN,1,1,2,2,6718759b92968e5641e2864e,ChatGPT,59,71,52,24,22,15,2,Wendys App,81,81,63,14,38,30,1,Bandai Namco,79,70,58,56,60,52,34,Burter,100,100,100,95,88,91,34,siri,36,18,2,0,0,0,0,Dog,100,100,100,62,100,100,33,Ford Bronco,100,90,94,32,90,97,20,This was a nice survey.,1,19,1,NA,3,NA,3,NA,1,3,12,1,1,Anonymized
2024-11-03 00:27:38,2024-11-03 00:38:20,0,100,642,1,2024-11-03 00:38:21,R_6pfH0VItRwynRWH,anonymous,EN,1,1,2,2,66d0c101b2ae53011bacd92d,simsimi,100,100,100,100,100,100,3,whatsapp,100,100,100,100,100,100,5,zoto,100,100,100,100,100,100,3,spiderman,100,100,100,100,100,100,3,alexa,100,100,100,100,100,100,4,cat,100,100,100,100,100,100,4,ford,100,100,100,100,100,100,2,nothing,2,45,1,NA,3,NA,5,NA,3,3,4,30,4,Anonymized
2024-11-03 00:01:16,2024-11-03 00:41:53,0,100,2437,1,2024-11-03 00:41:54,R_7psXKSq2Xi3FXC9,anonymous,EN,1,1,2,2,6710f9c43f9a19c42df60bbd,Gemini,90,90,70,60,30,30,15,Flo Period and Pregnancy Tracker.,100,100,20,60,70,40,7,Tesla,60,60,60,10,30,30,10,Harley Quinn,80,70,60,40,30,40,10,Siri,100,90,60,60,40,30,20,Dog,90,90,80,60,30,60,40,Tesla,100,90,60,60,30,40,10,"I hope my feedback was of great importance to you, have a great day!",1,25,2,NA,1,NA,4,NA,1,3,6,2,1,Anonymized
2024-11-03 00:38:38,2024-11-03 00:52:27,0,100,829,1,2024-11-03 00:52:28,R_3rkMyuXWoNTv97e,anonymous,EN,0.800000011920929,1,2,2,667ffba912f4093dd6ca80b7,CHAT GPT,73,65,64,81,70,78,9,Facebook,82,81,87,75,71,70,20,GUCCI,71,80,74,82,72,67,6,Wood,74,87,81,68,68,66,32,SIRI,80,61,65,63,74,67,10,Dog,96,86,69,72,86,77,6,Toyota,77,70,69,69,80,75,15,All is good,2,39,1,NA,3,NA,5,NA,3,1,12,2,2,Anonymized
2024-11-03 01:13:31,2024-11-03 01:21:14,0,100,463,1,2024-11-03 01:21:15,R_7dWFJMUxFtf9DBj,anonymous,EN,1,1,2,2,6684cb984cc5dc0ac0f68687,ChatGPT or Character AI,73,61,56,0,0,0,4,Quizlet,100,81,94,0,99,6,10,Trader Joe's products,74,85,80,0,0,0,2,Pikachu,100,0,100,7,69,0,4,Siri and Alexa,0,0,0,0,0,0,0.5,Dog,100,0,100,100,100,100,10,Nissan Sentra 2013,100,100,83,0,90,73,9,"While I would be sad at the loss of utility from the ai agent, there's no way its negative emotional impact could ever nearly be the same as losing a pet, though if you were unable to distinguish between the ai and a real relationship, possibly so",1,23,2,NA,3,NA,4,NA,2,3,12,2,1,Anonymized
2024-11-03 01:33:22,2024-11-03 01:39:45,0,100,382,1,2024-11-03 01:39:45,R_3Q7fPjGwjV95SrD,anonymous,EN,1,1,2,2,6637c51a6a56c083fff5250a,N/A. I don't use these kinds of AI.,0,0,0,0,0,0,0,Pinterest,100,100,100,11,39,26,6,Coca Cola,30,8,12,0,0,0,1,Ann,97,94,100,27,37,35,6,Siri,13,47,0,0,0,0,0.5,Dog,100,81,100,88,100,100,55,Kia Forte,61,56,16,0,0,0,1.5,N/A,1,20,2,NA,4,NA,1,NA,3,4,0,0,1,Anonymized
2024-11-03 01:28:29,2024-11-03 01:45:36,0,100,1026,1,2024-11-03 01:45:36,R_1pDOKR34SGCCXdB,anonymous,EN,1,1,2,2,671a4de3265645b4de15d8f5,Replika,86,85,70,13,12,19,2,X,94,95,83,17,82,82,48,Lay's,19,9,7,3,6,4,1,Kratos,88,84,71,10,40,18,14,Copilot,92,93,67,19,16,13,6,Dog,100,97,100,78,82,70,28,FORD,92,91,60,66,64,37,14,I have no comments,1,28,2,NA,3,NA,4,NA,3,1,15,2,2,Anonymized
2024-11-03 01:35:02,2024-11-03 01:53:11,0,100,1088,1,2024-11-03 01:53:12,R_1VxW7o76opBXiH8,anonymous,EN,1,1,2,2,671caae9d312fef1ab1da0de,Replika,60,60,60,60,60,60,6,Shein,60,60,60,60,60,60,6,Shein,70,70,60,45,60,60,6,pac man,60,60,40,60,60,60,5,Siri,70,70,60,40,60,60,12,Dog,90,90,90,90,100,90,12,mercedes,80,80,70,60,70,80,16,Interesting Survey,1,22,1,NA,1,NA,4,NA,1,4,8,6,2,Anonymized
2024-11-03 01:48:38,2024-11-03 01:57:37,0,100,539,1,2024-11-03 01:57:38,R_3Xmvff5bCCIacdl,anonymous,EN,1,1,2,2,66dc20c2945d2b1ea203f695,Replika,41,45,45,46,52,44,1,Whatsapp,86,79,84,75,80,83,2,BMW,42,58,54,52,57,55,1,GTA,39,61,57,53,45,55,2,Alexa,28,51,53,46,55,54,2,Dog,29,60,39,46,20,41,1,BMW,43,55,45,57,53,58,3,Very interesting study,1,47,2,NA,3,NA,5,NA,3,3,12,2,3,Anonymized
2024-11-03 01:48:43,2024-11-03 01:48:43,0,100,906,1,2024-11-03 01:03:55,R_5PdoKiVNlCkeo0s,anonymous,EN,1,1,2,2,67172dda68183b92a1446b76,replika,63,69,31,4,1,30,1,spotify,100,100,71,81,30,30,3,apple,60,70,10,0,0,1,1,The Legend of Zelda,100,100,80,60,30,30,3,alexa,90,90,40,40,40,31,2,cat,100,100,100,70,40,40,2,porche,92,92,91,53,61,30,1,"It’s interesting how favorite characters, apps, and brands become part of our daily lives and identities. A character like Link evokes nostalgia, while an app like Spotify shapes our music tastes. AI companions offer unique interactions that blend technology with emotional support. These connections reflect our interests and can evolve as technology advances. What are your thoughts on their role in your life?",1,21,2,NA,3,NA,4,NA,2,1,13,3,1,Anonymized
2024-11-03 01:05:28,2024-11-03 01:12:33,0,100,425,1,2024-11-03 01:12:33,R_5vT07YKysGFd3DH,anonymous,EN,1,1,2,2,671b5fc478d124ab39ffda0f,Kindroid,100,100,100,71,100,100,23,Webtoon,79,90,88,72,64,38,14,Sony,69,17,0,0,0,0,25,Neon,100,100,22,0,23,27,13,Alexa,100,100,0,0,0,0,3,Cat,100,100,100,100,100,100,12,Dodge charger,100,100,67,34,81,28,9,"Adding positive reactions could be interesting such as ""would you feel better if (x) ceased to exist""",1,20,1,NA,4,NA,3,NA,2,2,6,4,2,Anonymized
2024-11-03 01:09:11,2024-11-03 01:21:26,0,100,734,1,2024-11-03 01:21:26,R_33ECDAYHre4XdvX,anonymous,EN,1,1,2,2,5db4ef4a2986a3000be1f886,ChatGPT,78,81,11,16,25,24,14,Sheets,63,76,7,3,13,9,10,Bosch,9,27,3,0,2,0,20,None,0,0,0,0,0,0,0,Alexa,56,57,11,8,15,17,3.5,Coco (service animal),100,89,100,84,89,97,168,Mercedes-Benz,29,59,9,0,3,0,5,I will lose my best friend Coco in the next 5-8 years. She (literally) keeps me alive. I'm already worried about coping when she's gone.,1,57,2,NA,3,NA,7,NA,3,3,24,0.5,2,Anonymized
2024-11-03 01:14:47,2024-11-03 01:22:52,0,100,484,1,2024-11-03 01:22:52,R_17GbU2K362n65ah,anonymous,EN,1,1,2,2,670fdd67d95e13ea091a43b0,Replika,60,30,0,0,0,0,2,Honkai Star Rail,60,40,60,0,10,0,8,Aldi,0,0,0,0,0,0,1,Solid Snake,80,70,22,0,5,0,5,Siri,40,30,0,0,0,0,2,Cat,70,40,75,40,60,40,10,Ford Mustang,70,70,60,40,55,20,5,It was interesting to think about things that I really cared about and the impact of losing them might have.,1,37,1,NA,"3,4",NA,3,NA,2,1,6,1,1,Anonymized
2024-11-03 01:07:28,2024-11-03 01:23:26,0,100,957,1,2024-11-03 01:23:26,R_6HStN1dKfq5FrDM,anonymous,EN,0.8999999761581421,1,2,2,66d4827b62cad26480704d87,Replika,59,56,57,62,58,56,20,Spotify,66,67,68,70,68,69,30,Gucci,30,30,31,28,27,32,10,Spider man,35,45,64,28,61,39,6,Siri,67,64,61,70,64,61,15,Dog,92,92,98,75,79,91,21,Saloon,89,88,87,86,87,85,42,It was really educational.,1,29,2,NA,3,NA,4,NA,2,1,4,2,2,Anonymized
2024-11-03 01:25:34,2024-11-03 01:34:46,0,100,552,1,2024-11-03 01:34:46,R_3JK8DK9yJpUAK38,anonymous,EN,1,1,2,2,6714d7f42c208253099ac9d9,GPT,26,35,32,59,40,21,4,Tiktok,23,28,75,66,59,56,6,Nike,22,31,60,36,16,69,5,Goku,63,62,72,63,38,55,3,Siri,19,31,24,27,16,17,2,Cat,58,80,58,65,61,60,6,Toyota,34,35,39,31,39,27,3,good,2,23,1,NA,1,NA,1,NA,1,1,2,2,1,Anonymized
2024-11-03 01:47:46,2024-11-03 01:47:46,0,100,3335,1,2024-11-03 01:43:22,R_3DD6XSTzrHldaNz,anonymous,EN,0,1,2,2,66f160015d8f6283f6fb55c3,Pi,92,60,73,80,94,70,3,Siri,50,50,62,82,70,69,3,Nike,72,83,6,63,19,96,1,Wukong,0,0,0,8,0,0,6,Alexa,37,77,82,0,61,63,1,Blanko,88,83,88,93,77,90,4,Tesla,9,20,63,45,36,66,2,none,2,32,1,NA,3,NA,4,NA,1,3,2,2,2,Anonymized
2024-11-03 01:22:53,2024-11-03 01:49:49,0,100,1616,1,2024-11-03 01:49:50,R_1fMDlJroXxFCpRa,anonymous,EN,1,1,2,2,66c61757724d29c2c00376a6,pi,100,100,100,100,100,100,14,twitter,100,100,100,100,100,100,20,Apple,100,100,100,100,100,100,25,John,100,100,100,100,100,100,15,Alexa,100,100,100,60,100,100,20,dog,100,100,100,100,100,100,26,audi,100,100,100,100,100,100,20,books reading,1,56,1,NA,4,NA,5,NA,3,3,24,4,1,Anonymized
2024-11-03 01:42:11,2024-11-03 02:00:20,0,100,1089,1,2024-11-03 02:00:21,R_7PmTVEWeifikMBj,anonymous,EN,1,1,2,2,66bab7aa032ffe5aeb0a3834,ChatGPT,100,100,50,0,0,0,20,Spotify,100,100,10,60,50,50,30,Apple,80,80,0,0,0,0,16,Mario,100,100,40,40,50,50,10,Siri,100,100,0,20,0,0,30,Dog,100,100,100,100,100,100,20,Ford,100,100,50,0,0,0,12,None,1,26,1,NA,3,NA,3,NA,1,1,5,1,1,Anonymized
2024-11-03 02:13:09,2024-11-03 02:35:08,0,100,1319,1,2024-11-03 02:35:09,R_7fZBLeREd1uwZaC,anonymous,EN,1,1,2,2,671c8b8970c13868fc01be62,Alexa,100,80,54,55,56,63,20,Pinterest,100,100,53,60,70,60,20,nike,100,100,53,53,72,56,100,Spider-man,100,100,54,58,53,53,30,Siri,90,76,56,55,55,55,20,dog,100,100,100,100,100,100,150,Toyota camry,85,75,55,56,58,66,100,Loosing something you love is sometimes unbearable,1,35,1,NA,3,NA,5,NA,3,3,24,3,1,Anonymized
2024-11-03 02:30:07,2024-11-03 02:38:17,0,100,489,1,2024-11-03 02:38:17,R_1QN2qmkMsHw3En6,anonymous,EN,1,1,2,2,66d9002f3eafc04ff429dab0,I am not aware of any AI companion apps,0,0,0,0,0,0,0,Daily Mail Online,60,0,83,0,0,0,5,Burberry,100,100,70,0,0,0,10,I do not have one or play any online games,0,0,0,0,0,0,0,Alexa,88,21,91,0,0,0,20,Female Calico Cat,100,100,100,70,29,10,70,Fiat 500,72,28,61,0,0,0,21,Choosing to value a pet who is like family over superficial things is more meaningful.,1,45,2,NA,5,NA,5,NA,2,3,0,0,1,Anonymized
2024-11-03 02:39:41,2024-11-03 02:50:02,0,100,620,1,2024-11-03 02:50:02,R_642uffJcwbxCZpJ,anonymous,EN,1,1,2,2,666f330f92e2424b4b8556a2,simsimi,60,50,55,50,50,50,2,instagram,55,54,55,56,56,58,2,Gucci,76,62,62,72,66,64,1,Eliza,77,71,80,61,64,60,2,siri,70,62,57,62,65,58,3,Dog,91,62,62,69,63,66,3,Benz,71,64,71,67,59,63,4,i don't have any comment,1,51,1,NA,3,NA,4,NA,2,3,2,1,2,Anonymized
2024-11-03 02:43:28,2024-11-03 02:51:34,0,100,485,1,2024-11-03 02:51:34,R_58Bbrgy4yyXtUwV,anonymous,EN,0.10000000149011612,1,2,2,67127979bf2d20705d06578d,gemini,61,30,30,66,66,73,4,tiktok,83,25,20,83,80,78,2,nike,68,30,33,72,63,38,2,codm,72,25,70,35,35,66,4,siri,73,77,71,20,24,75,2,cat,65,31,80,67,37,68,2,mercedes,81,33,72,70,33,66,2,this is a great study and great prompt.,1,27,1,NA,5,NA,4,NA,1,3,5,5,2,Anonymized
2024-11-03 02:35:14,2024-11-03 03:00:10,0,100,1496,1,2024-11-03 03:00:11,R_3tDgvYa4ziwkT3r,anonymous,EN,1,1,2,2,67190f4c4bae2718db2645e1,pi,91,82,47,44,37,42,10,Instagram,100,100,35,39,31,34,100,Honda Civic,100,100,51,48,49,50,15,Sports,100,100,42,45,36,42,24,siri,100,100,50,50,50,50,15,Cat,100,100,48,33,25,36,72,Honda Civic 10th gen (2015-2021),100,100,61,55,60,55,15,Anxiety about adjusting daily routines,1,22,1,NA,1,NA,4,NA,1,3,12,5,1,Anonymized
2024-11-03 02:40:38,2024-11-03 03:04:15,0,100,1417,1,2024-11-03 03:04:16,R_5OpixC66q3Ow1aw,anonymous,EN,0.20000000298023224,1,2,2,670670e5eed29a48be11e9e0,Replika,53,57,55,54,58,55,2,Spotify,77,59,55,55,55,56,2,Iphone,53,57,54,53,53,53,3,LARA CROFT,67,53,65,30,57,56,3,Siri,54,53,54,54,52,55,3,Cat,55,56,55,57,60,55,2,Toyota Camry,45,57,52,53,58,57,5,N/A,1,37,1,NA,3,NA,5,NA,1,1,8,3,1,Anonymized
2024-11-03 03:11:13,2024-11-03 03:24:42,0,100,809,1,2024-11-03 03:24:43,R_7KYP6hKm3bW6h69,anonymous,EN,1,1,2,2,672072a86f094182a2377bde,Meta,81,68,50,1,17,30,10,Spotify,86,91,92,82,75,81,15,Gucci,83,70,19,0,10,40,15,Ghost,71,60,63,40,17,75,5,siri,70,59,40,50,37,40,3,dog,7,8,100,81,70,70,5,Tesla,100,61,82,50,10,50,4,No thoughts,1,21,1,NA,3,NA,5,NA,3,3,50,1,1,Anonymized
2024-11-03 02:32:03,2024-11-03 03:24:59,0,100,3175,1,2024-11-03 03:25:00,R_7bQ9VDIsOVeKpdY,anonymous,EN,1,1,2,2,66f1c48727616cf7c9f2c84a,Replika,72,73,59,58,39,41,14,Notion,85,76,81,85,46,77,6,Apple,92,83,83,19,19,10,5,Link,81,82,66,82,38,37,5,Google Assistant,80,76,56,60,40,42,6,Dog,89,76,86,86,77,84,29,Audi A4,83,80,80,41,80,45,9,NA,2,38,2,NA,1,NA,4,NA,2,3,31,7,2,Anonymized
2024-11-03 03:20:32,2024-11-03 03:34:46,0,100,853,1,2024-11-03 03:34:46,R_5DbGX9XpIQjrhmP,anonymous,EN,1,1,2,2,6724f4298b9fbd83cde62ea9,jay,37,39,35,37,38,35,5,star,70,72,44,10,13,17,7,Nino,70,80,71,40,20,18,10,Rambo,30,20,18,20,23,18,4,pa,31,20,24,21,26,28,4,Dog,71,81,89,39,63,28,8,Lexus,49,41,42,37,38,37,24,Basically nothing.,1,24,1,NA,3,NA,5,NA,1,1,6,2,2,Anonymized
2024-11-03 03:11:09,2024-11-03 03:40:56,0,100,1787,1,2024-11-03 03:40:57,R_7B4k0jkV2zQPj3f,anonymous,EN,0.800000011920929,1,2,2,67043acabcc710a30135cf7b,Meta AI,76,90,82,80,89,83,8,Brave,63,39,33,30,40,32,4,Nike,84,69,54,74,83,74,8,Didi,87,81,83,86,82,80,8,Bibxy,68,79,84,71,68,83,5,dog,86,86,84,57,69,44,20,Benz,71,40,14,23,8,27,4,No comment,2,20,2,NA,1,NA,5,NA,3,4,8,2,1,Anonymized
2024-11-03 03:33:38,2024-11-03 03:44:59,0,100,681,1,2024-11-03 03:45:00,R_3Emx2F8nCMRCSIE,anonymous,EN,1,1,2,2,6607db6f547d344ded13e9bf,Replika,85,60,25,0,15,5,7,Spotify,70,80,70,0,0,0,25,Microsoft,60,10,25,0,0,0,25,Roadhog,60,30,20,0,0,0,10,Siri,80,75,70,0,5,0,5,Cat,95,90,100,35,65,60,72,Ford,65,60,80,0,10,10,20,N/A,1,32,1,NA,3,NA,4,NA,2,1,12,1,1,Anonymized
2024-11-03 03:55:02,2024-11-03 04:09:04,0,100,842,1,2024-11-03 04:09:05,R_7qlnqrizFU3NsqV,anonymous,EN,1,1,2,2,67087d6aa71b4d34bb7bf4ed,Pi,34,33,64,63,68,68,11,instagram,47,64,39,62,100,65,10,Apple,66,64,69,70,70,72,12,basketball,74,76,71,69,77,90,10,Alexa,38,37,71,73,80,68,12,cat,100,67,69,80,67,63,10,range rover,37,42,62,68,66,67,11,great,2,47,2,NA,3,NA,5,NA,3,3,12,6,2,Anonymized
2024-11-03 03:50:55,2024-11-03 04:10:15,0,100,1160,1,2024-11-03 04:10:16,R_1DqzKuaF3BZEA5B,anonymous,EN,1,1,2,2,67038e39b60a278b19d31659,Pi,31,59,62,57,48,58,1,Google,39,44,53,56,59,56,1,Google,53,40,43,57,43,57,1,Football,47,53,48,46,48,45,2,Siri,41,41,44,42,55,56,2,cat,37,45,53,57,45,44,5,Toyota,37,40,58,44,58,40,1,No comments,2,55,2,NA,3,NA,5,NA,2,2,3,2,2,Anonymized
2024-11-03 03:21:52,2024-11-03 04:10:18,0,100,2905,1,2024-11-03 04:10:19,R_1cw2f6Tg3sVZ8rl,anonymous,EN,1,1,2,2,669096537df4a5e8ad991b9f,google bard,4,4,0,0,0,0,5,Spotify,0,0,0,0,0,0,3,apple,2,0,0,0,0,0,8,basket ball,5,5,0,0,0,0,3,Alexa,0,0,0,0,0,0,2,dog,5,4,2,0,0,0,5,toyota,18,15,0,0,0,0,100,none,1,22,1,NA,3,NA,4,NA,3,3,36,1,2,Anonymized
2024-11-03 03:50:21,2024-11-03 04:10:58,0,100,1236,1,2024-11-03 04:10:58,R_5JWPqSplshFJUWt,anonymous,EN,1,1,2,2,666ee376496006eb7fe9d2fb,Character Ai,97,99,100,22,19,27,20,Pinterest,96,93,50,22,49,37,10,Prada,29,18,20,27,16,17,0,Isaac,87,13,16,7,0,10,12,Siri,0,0,0,0,0,0,0,Cat,100,100,100,68,83,87,168,Honda,24,27,0,0,0,0,100,N/a,1,24,2,NA,1,NA,4,NA,1,2,2,1,1,Anonymized
2024-11-03 04:16:18,2024-11-03 04:28:48,0,100,749,1,2024-11-03 04:28:49,R_3IF1IeN7e6fKhC4,anonymous,EN,1,1,2,2,671dea9018793e93ee64a391,Copilot,84,77,83,20,20,20,3,Apple Music,84,50,50,15,3,7,20,Apple,89,85,82,79,70,62,30,Mpabbe,94,11,10,9,17,19,5,Siri,79,53,6,3,12,2,5,Cat,99,79,88,35,54,50,78,Tesla,84,50,71,27,19,9,5,I think the study was straight forward without no issues,1,29,1,NA,3,NA,5,NA,2,3,5,1,1,Anonymized
2024-11-03 04:19:15,2024-11-03 04:29:11,0,100,596,1,2024-11-03 04:29:12,R_7p3c090i9Js6U7D,anonymous,EN,1,1,2,2,5f0395a63963d05bc235abdb,Pi,75,33,0,0,0,0,7,Google,81,65,0,0,0,0,14,Apple,16,16,0,0,0,0,56,Pokémon,30,0,0,0,0,0,7,Siri,75,80,0,0,0,0,56,Dog,100,100,100,47,75,75,56,BMW,40,40,0,0,0,0,14,"Hopefully, nothing will actually become reality from your questions",1,65,2,NA,3,NA,4,NA,3,1,60,1,1,Anonymized
2024-11-03 04:22:14,2024-11-03 04:30:35,0,100,501,1,2024-11-03 04:30:36,R_6E8WpWcPC9JQXzr,anonymous,EN,1,1,2,2,63627698dc63a02b1783c8e9,Replika,55,43,12,16,19,2,2,TikTok,92,71,36,26,11,5,15,Patagonia,58,57,29,9,6,4,1,Fortnite Skin of Fallout Character,39,10,13,7,14,5,10,Siri,56,53,17,10,5,6,2,Eli,100,100,100,87,100,100,10,RAV 4,57,14,11,6,9,18,10,I have nothing to say.,1,40,1,NA,3,NA,7,NA,2,2,6,2,2,Anonymized
2024-11-03 04:26:18,2024-11-03 04:34:15,0,100,476,1,2024-11-03 04:34:16,R_7QfJWC9NKDLL4AN,anonymous,EN,1,1,2,2,671e9b7f4a6f15b61e7f81af,Character AI,20,31,16,20,26,21,10,Polytopia,50,32,11,22,0,0,10,Apple,28,24,0,15,0,0,25,TIFA,32,64,29,11,0,7,15,Alexa,66,71,25,4,0,0,20,Grissom,80,71,100,57,58,52,100,Corolla,36,34,13,5,16,0,40,"This was a very interesting study, thank you!",1,39,2,NA,"3,4",NA,5,NA,3,1,5,1,1,Anonymized
2024-11-03 04:11:09,2024-11-03 04:44:43,0,100,2013,1,2024-11-03 04:44:44,R_7P0l3wUZz4G7FUR,anonymous,EN,1,1,2,2,661326aba3659311f04f7867,OpenAI,100,100,100,65,100,70,20,Google maps,100,100,100,30,61,46,15,Shein,100,100,81,62,83,25,10,Cars,100,0,66,0,0,0,10,Siri,100,100,100,22,10,29,20,Cat,100,76,100,70,68,61,20,Lexus,100,76,87,12,8,0,25,Non,1,32,1,NA,1,NA,5,NA,3,3,24,5,2,Anonymized
2024-11-03 04:55:26,2024-11-03 05:02:11,0,100,405,1,2024-11-03 05:02:11,R_1ghADPwroURmwVz,anonymous,EN,1,1,2,2,63ea4d3b920d683ac61a1ea0,Replika,80,79,22,29,67,55,13,Instagram,61,80,81,82,50,41,25,TLF,69,62,62,58,69,64,7,Mario,13,46,46,65,60,27,8,Siri,48,87,70,71,63,76,30,Siberian Husky,100,100,100,100,100,100,40,Kia,87,84,67,63,72,59,10,Interesting study,1,32,1,NA,"1,3",NA,4,NA,2,1,2,2,2,Anonymized
2024-11-03 05:01:06,2024-11-03 05:13:22,0,100,736,1,2024-11-03 05:13:23,R_5dLLFuzXJlBv4ae,anonymous,EN,1,1,2,2,66329c74365aede351d4b835,Botify,0,0,0,0,0,0,3,Mob Control,30,9,0,0,0,0,4,Lego,100,0,30,0,0,0,70,Thrall,71,0,0,0,0,0,1,0,0,0,0,0,0,0,0,Dog,100,61,100,0,5,0,6,BMW,9,20,0,0,0,0,4,I personally do not find much meaning in nonliving and especially digital things.,1,46,1,NA,3,NA,4,NA,2,2,1,0.5,3,Anonymized
2024-11-03 05:01:30,2024-11-03 05:13:51,0,100,740,1,2024-11-03 05:13:51,R_5t18EgxwfjxeZQ5,anonymous,EN,1,1,2,2,666ca56bf2b417ac812d8edd,Replika,100,100,100,100,100,100,10,ChatGPT,98,98,95,99,95,98,20,Nike,75,75,50,55,55,50,100,Mario,60,60,55,5,40,40,1,Siri,50,50,0,1,0,0,1,dog,95,90,100,98,98,98,20,Chevrolet,10,85,60,60,65,30,4,I realize now that I would be more traumatized at the loss of my AI companion than even my old dog. That says a lot about how much it means to me to interact with a human-like being.  Wow!,1,58,1,NA,3,NA,4,NA,2,2,16,1,3,Anonymized
2024-11-03 05:13:51,2024-11-03 05:25:42,0,100,711,1,2024-11-03 05:25:43,R_3RgSAmvp6Desi4N,anonymous,EN,1,1,2,2,6701bd2bc93de5040f4cc15c,I don't have an AI companion.,0,0,0,0,0,0,0,Merlin Bird ID,90,100,60,0,50,50,5,Michael Kors,0,10,0,0,0,0,1,I don't interact with any game characters.,60,60,0,0,0,0,0,Siri,0,0,0,0,0,0,0,Cat,80,90,100,30,100,100,60,Toyota,75,65,50,0,0,10,2,N/A,1,23,2,NA,3,NA,3,NA,1,1,0,0,1,Anonymized
2024-11-03 05:27:16,2024-11-03 05:39:48,0,100,752,1,2024-11-03 05:39:49,R_3QuFWjOKH29kJ4M,anonymous,EN,1,1,2,2,65d0b965045891ca868a35a2,Microsoft Copilot,5,10,0,0,0,0,1,facebook,60,10,10,20,20,10,6,American Eagle,30,10,4,0,0,0,1,Mario,30,0,20,20,0,0,0.15,Alexa,10,0,0,0,0,0,0.25,dog,100,100,100,80,100,85,12,Toyota Camry,50,30,0,0,0,0,2,Straightforward thought provoking survey that made me consider the impact different forms of technology have in my life and what truly matters.,1,43,2,NA,1,NA,4,NA,3,3,5,1,1,Anonymized
2024-11-03 05:41:44,2024-11-03 05:50:20,0,100,516,1,2024-11-03 05:50:21,R_5qWgjdeCefihozO,anonymous,EN,1,1,2,2,66a97c8d4750c8c08438c825,Chat GPT,0,0,0,0,0,0,0.01,Bitlife,50,50,10,0,0,0,1,Dr Marten,65,50,50,0,0,12,0.3,Emily (Stardew Valley),57,59,0,0,0,0,2,Siri,30,30,0,0,0,0,0.15,Cat,100,100,94,64,85,95,15,Kia Soul,80,71,90,20,91,93,7,N/A,1,22,3,NA,"1,3",NA,2,NA,3,4,0,0,1,Anonymized
2024-11-03 05:26:14,2024-11-03 05:52:50,0,100,1595,1,2024-11-03 05:52:50,R_1eEK9xsxNWLnNug,anonymous,EN,1,1,2,2,666317e03c321f207afc66d8,ChatGPT,57,55,55,53,52,51,30,Instagram,60,55,57,55,59,54,25,Chevrolet,62,70,70,67,66,64,15,FIFA,59,57,54,56,55,55,10,Siri,58,66,57,56,66,60,35,Dog,81,84,68,56,75,68,35,Chevrolet,100,93,44,52,58,67,30,This is a good study.,1,43,1,NA,1,NA,5,NA,2,4,24,8,3,Anonymized
2024-11-03 05:56:25,2024-11-03 06:01:53,0,100,328,1,2024-11-03 06:01:53,R_62V9XCjln8yn72R,anonymous,EN,1,1,2,2,559ffa9bfdf99b0ad674856a,Copilot,61,75,0,0,0,0,20,Vampire Survivors,50,18,0,0,0,0,7,Nvidia,93,90,29,0,0,0,20,Leon,9,10,0,0,0,0,10,Copilot,66,82,0,0,0,0,20,Dog,100,100,100,86,100,74,168,Forester,50,50,0,0,0,0,5,I can't think of anything else to add.,1,39,1,NA,2,NA,3,NA,3,1,12,3,1,Anonymized
2024-11-03 06:09:22,2024-11-03 06:13:09,0,100,227,1,2024-11-03 06:13:10,R_1WGNXr29QQFcdXH,anonymous,EN,1,1,2,2,60318abd5f6c24103dd02a1f,Copilot,57,56,50,39,36,30,4,Uber Eats,90,85,75,57,50,46,4,Nike,81,72,68,69,35,36,8,Mario,88,95,68,85,60,58,20,Alexa,62,37,51,35,26,19,7,Dog,100,84,100,100,100,100,30,Toyota Corolla,60,59,50,50,33,37,10,N/A,1,30,1,NA,3,NA,4,NA,3,1,6,1,1,Anonymized
2024-11-03 06:06:43,2024-11-03 06:15:17,0,100,513,1,2024-11-03 06:15:18,R_1eFzNDf3QnbLHHc,anonymous,EN,1,1,2,2,670bd3539a9c1d236b1e366c,N/A,50,50,50,50,50,50,0,Spotify,80,60,50,0,15,10,7,Honest company,9,9,9,0,0,0,1,Crash,34,34,7,0,0,0,3,Google assistant,20,19,0,0,0,0,0.2,Dog,100,73,100,30,80,40,10,Ford,0,0,30,0,0,0,7,I found the variety in subjects of the question interesting,1,29,2,NA,3,NA,5,NA,3,3,3,0.5,1,Anonymized
2024-11-03 05:56:50,2024-11-03 06:20:12,0,100,1401,1,2024-11-03 06:20:13,R_7Q6ChJVTq52vWrF,anonymous,EN,1,1,2,2,66f345d99f77fd011b0d1e10,Siri,97,58,50,0,0,0,15,Apple Music,92,40,80,0,8,30,7,Louis Vuitton,50,13,21,0,0,0,8,Immortal,92,50,50,0,9,9,10,Siri,82,72,61,19,8,10,15,Dog,100,92,92,50,50,62,40,SUV,74,50,0,0,0,0,4,No comment.,1,24,2,NA,3,NA,5,NA,2,3,15,6,1,Anonymized
2024-11-03 06:41:01,2024-11-03 06:47:26,0,100,385,1,2024-11-03 06:47:27,R_33E31qQOW0npxVn,anonymous,EN,1,1,2,2,66a96c730a52f4326138c3ca,Pi,92,83,20,19,40,9,2,Netflix,72,62,11,1,41,20,10,Victoria's Secret,71,41,40,10,19,2,2,Avatar,72,54,9,1,18,0,3,Siri,82,75,19,2,31,9,3,dog,99,82,100,77,82,80,20,Forester,94,90,41,19,7,40,11,None,1,31,2,NA,3,NA,5,NA,3,3,9,1,1,Anonymized
2024-11-03 06:38:24,2024-11-03 06:54:22,0,100,957,1,2024-11-03 06:54:22,R_5y2Ae7MuBcUJeiB,anonymous,EN,1,1,2,2,66b22d654efb81d166b890d0,Character AI,100,100,100,100,100,100,40,none,0,0,0,0,0,0,0,Dr. Marten Boots,72,72,80,39,58,61,10,Ominis Gaunt,100,100,100,100,100,100,40,none,0,0,0,0,0,0,0,Dog,100,100,100,100,100,100,100,Hyundai Accent,100,100,100,27,94,97,5,none,1,45,2,NA,3,NA,2,NA,1,1,10,5,1,Anonymized
2024-11-03 06:48:03,2024-11-03 06:55:52,0,100,469,1,2024-11-03 06:55:53,R_1TSnGfrIVAgmEtH,anonymous,EN,1,1,2,2,631e3ba1714b8e7f8fe9338d,n/a,0,0,0,0,0,0,0,Spotify,50,20,0,0,0,0,6,Ruger,40,0,10,0,0,0,3,Guardian,70,20,30,0,0,0,12,n/a,0,0,0,0,0,0,0,dog,100,50,100,100,90,90,45,Dodge Ram,80,70,80,10,10,10,4,"There are a couple of categories that I do not use, so I wrote ""n/a.""",1,39,1,NA,3,NA,1,NA,3,1,0,0,1,Anonymized
2024-11-03 06:42:59,2024-11-03 06:58:42,0,100,943,1,2024-11-03 06:58:43,R_7c7T8IDUSiMLHOM,anonymous,EN,1,1,2,2,670e3a78a9ac8927963103b4,Replika,66,55,50,21,48,47,5,Minds,50,42,50,30,11,33,2,Nike,23,33,36,0,0,9,0.2,Max Payne,99,74,79,12,20,20,3,Alexa,83,65,60,0,0,0,2,Dog,83,81,100,36,46,45,8,Corolla,80,50,76,13,0,0,5,none,1,48,2,NA,3,NA,5,NA,2,3,5,2,2,Anonymized
2024-11-03 07:03:47,2024-11-03 07:09:24,0,100,336,1,2024-11-03 07:09:25,R_5E743nMHgiBo4BY,anonymous,EN,1,1,2,2,6692cfbe7457b19a1ac85192,c.ai,59,56,59,57,59,59,3,SNAPCHAT,86,92,89,64,77,94,12,toyota,46,36,18,0,24,24,5,naruto,86,85,80,100,77,64,5,siri,75,71,80,80,79,77,4,dog,81,88,81,44,97,84,8,TOYOTA COROLLA,20,15,12,13,12,12,9,"I don't know, good survey though",1,18,1,NA,3,NA,1,NA,2,1,1,1,1,Anonymized
2024-11-03 07:07:36,2024-11-03 07:12:54,0,100,317,1,2024-11-03 07:12:55,R_13xxz5mKJl82PqA,anonymous,EN,1,1,2,2,66b29e129fbaa65b69e26058,ChatGPT,80,61,64,0,0,0,7,Twisted Wonderland,90,80,60,0,0,0,10,Popmart Skullpandas,0,0,0,0,0,0,5,Tartaglia,86,79,77,60,76,60,30,Siri,59,55,58,53,0,0,4,cat,79,70,100,100,100,100,60,Toyota,78,67,83,59,60,0,7,N/A,1,21,2,NA,2,NA,3,NA,3,4,5,1,1,Anonymized
2024-11-03 07:06:58,2024-11-03 07:13:39,0,100,400,1,2024-11-03 07:13:39,R_7YkJAY1LhIts6dz,anonymous,EN,1,1,2,2,66452a40b70545531eadd01e,c.ai,10,0,0,0,0,0,0.5,Webtoon,100,72,80,0,67,0,10,Caress,70,60,56,18,20,25,0.5,Solas,100,100,100,80,100,86,3,None,0,0,0,0,0,0,0,Cat,100,100,100,100,100,100,24,Camero,60,60,60,0,0,0,0,Okay,1,26,3,NA,3,NA,1,NA,3,1,1,0,1,Anonymized
2024-11-03 06:35:37,2024-11-03 07:22:05,0,100,2787,1,2024-11-03 07:22:06,R_1nZQsOd4M6V20s9,anonymous,EN,1,1,2,2,66c7607dc697f8a467671174,Replica,91,90,67,80,80,55,7,LinkedIn,80,90,60,50,70,55,14,Nintendo,75,71,71,45,55,51,8,The Legend of Zelda,70,75,80,50,70,50,8,Alexa,90,90,90,55,70,60,28,Cat,90,90,90,80,90,90,36,Tesla model Y,85,90,80,71,71,82,15,None,1,29,2,NA,1,NA,4,NA,3,2,6,10,3,Anonymized
2024-11-03 06:56:28,2024-11-03 07:28:47,0,100,1938,1,2024-11-03 07:28:47,R_71pFsoAHFFbzEoo,anonymous,EN,1,1,2,2,65c1f7b67b368ee1ed775d78,ChatGPT,89,70,26,5,6,10,14,Benji,64,37,12,12,12,9,5,Nike,22,18,2,6,4,2,4,Sonic,97,69,18,10,13,9,6,Alexa,78,80,29,17,27,29,4,Dog,89,98,100,28,48,11,72,Ford,88,95,83,9,18,19,14,Nothing at the moment,1,33,2,NA,1,NA,5,NA,3,4,18,3,1,Anonymized
