"StartDate","EndDate","Status","Progress","Duration..in.seconds.","Finished","RecordedDate","ResponseId","DistributionChannel","UserLanguage","Q_RecaptchaScore","consent","screen","att_1","att_2","X1_support_1","X1_satisfaction_1","X1_inclusion","X2_support_1","X2_satisfaction_1","X2_inclusion","X3_support_1","X3_satisfaction_1","X3_inclusion","X4_support_1","X4_satisfaction_1","X4_inclusion","X5_support_1","X5_satisfaction_1","X5_inclusion","X6_support_1","X6_satisfaction_1","X6_inclusion","X7_support_1","X7_satisfaction_1","X7_inclusion","X8_support_1","X8_satisfaction_1","X8_inclusion","comp_1","rep_relation","rep_relation_5_TEXT","rep_relation_mos","rep_subscribe","rep_exp_lev","age","gender","gender_4_TEXT","ethnicity","ethnicity_6_TEXT","edu","edu_8_TEXT","questions_DO"
"7/10/23 18:02","7/10/23 18:05",0,100,210,1,"7/10/23 18:05","R_28ZHIUVVlY8ebHw","anonymous","EN",0.899999976,1,1,2,2,59,36,4,62,42,4,82,65,4,77,64,1,68,64,3,59,67,5,61,76,6,65,73,7,1,2,NA,6,3,10,35,2,NA,"3",NA,4,"","vign|inclusion|satisfaction|support"
"7/10/23 18:06","7/10/23 18:09",0,100,149,1,"7/10/23 18:09","R_1IMFWrDcJTB21mL","anonymous","EN",0.400000006,1,1,2,2,33,45,4,76,64,5,75,62,1,73,59,2,83,66,5,60,73,4,56,41,3,84,72,4,2,1,NA,3,3,8,38,2,NA,"3",NA,5,"","vign|inclusion|satisfaction|support"
"7/10/23 18:10","7/10/23 18:12",0,100,107,1,"7/10/23 18:12","R_PzXpyX020BOAzn3","anonymous","EN",0.100000001,1,1,2,2,71,65,4,54,36,5,81,69,4,68,82,5,84,69,5,30,34,5,63,70,5,61,44,3,2,2,NA,7,3,9,35,1,NA,"3",NA,5,"","vign|inclusion|satisfaction|support"
"7/10/23 18:14","7/10/23 18:17",0,100,189,1,"7/10/23 18:17","R_3dEbiyOfbG4AXPb","anonymous","EN",0.100000001,1,1,2,2,37,69,5,41,32,3,86,64,3,59,58,6,29,21,5,82,56,2,76,65,5,74,70,6,2,2,NA,25,3,60,32,1,NA,"1",NA,4,"","vign|inclusion|satisfaction|support"
"7/10/23 18:18","7/10/23 18:21",0,100,130,1,"7/10/23 18:21","R_3NJluOZL92r6g6V","anonymous","EN",0.400000006,1,1,2,2,23,27,4,77,64,3,84,74,2,54,62,5,66,70,4,79,69,4,92,80,5,89,81,5,2,1,NA,12,3,12,36,2,NA,"3",NA,5,"","vign|inclusion|satisfaction|support"
"7/10/23 18:34","7/10/23 18:35",0,100,46,1,"7/10/23 18:35","R_2akKmGejCHqcVpQ","anonymous","EN",0.899999976,1,1,2,1,NA,NA,NA,NA,NA,NA,NA,NA,NA,NA,NA,NA,NA,NA,NA,NA,NA,NA,NA,NA,NA,NA,NA,NA,NA,NA,NA,NA,NA,NA,NA,NA,NA,"",NA,NA,"",""
"7/10/23 18:30","7/10/23 18:36",0,100,327,1,"7/10/23 18:36","R_2eUY45ZfRqol6pk","anonymous","EN",0.800000012,1,1,2,2,13,23,1,89,85,4,76,85,3,87,88,6,83,87,2,84,87,7,83,86,1,80,84,2,2,3,NA,12,3,80,30,1,NA,"3",NA,5,"","vign|inclusion|satisfaction|support"
"7/10/23 18:30","7/10/23 18:36",0,100,362,1,"7/10/23 18:36","R_0xFMAFe1stgdqzD","anonymous","EN",0.800000012,1,1,2,2,39,30,1,73,72,6,71,70,1,64,71,5,80,81,4,74,78,4,86,97,7,72,73,5,2,2,NA,48,2,50,35,1,NA,"3",NA,5,"","vign|satisfaction|inclusion|support"
"7/10/23 18:30","7/10/23 18:38",0,100,443,1,"7/10/23 18:38","R_3QRjfl8zFHBSjAP","anonymous","EN",0.899999976,1,1,2,2,17,18,1,83,80,7,91,93,7,91,91,7,82,82,7,92,93,7,100,100,7,100,100,7,2,3,NA,12,2,70,35,1,NA,"3",NA,5,"","vign|inclusion|satisfaction|support"
"7/10/23 18:36","7/10/23 18:39",0,100,164,1,"7/10/23 18:39","R_2COPhXPpw3NHJPn","anonymous","EN",0.699999988,1,1,2,2,70,66,3,73,79,2,71,27,2,84,79,1,77,78,7,79,73,5,64,81,3,64,64,2,2,3,NA,7,3,100,34,1,NA,"3",NA,5,"","vign|satisfaction|inclusion|support"
"7/10/23 18:37","7/10/23 18:42",0,100,303,1,"7/10/23 18:42","R_bQ8PFVJmuQtPoc1","anonymous","EN",0.800000012,1,1,2,2,29,21,1,89,95,2,88,84,4,91,84,3,86,83,3,84,96,5,85,87,6,94,94,6,2,4,NA,24,2,80,30,1,NA,"3",NA,4,"","vign|inclusion|satisfaction|support"
"7/10/23 18:40","7/10/23 18:44",0,100,241,1,"7/10/23 18:44","R_0IfQlihIgPh4i6R","anonymous","EN",0.400000006,1,1,2,2,8,12,1,100,100,7,86,86,7,81,87,6,78,78,6,87,90,7,100,100,7,100,100,7,2,3,NA,10,3,60,36,2,NA,"3",NA,6,"","vign|satisfaction|inclusion|support"
"7/10/23 18:38","7/10/23 18:44",0,100,357,1,"7/10/23 18:44","R_2QMVvsJf2qFMXhr","anonymous","EN",0.800000012,1,1,2,2,9,31,1,43,68,4,71,64,1,40,72,1,42,65,3,60,74,7,63,92,7,70,62,6,2,3,NA,80,2,80,35,1,NA,"3",NA,5,"","vign|inclusion|satisfaction|support"
"7/10/23 18:43","7/10/23 18:47",0,100,264,1,"7/10/23 18:47","R_1lbh5tB2xEEPfiJ","anonymous","EN",0.800000012,1,1,2,2,17,8,1,69,68,2,88,87,4,86,83,3,76,76,4,65,79,3,100,88,7,83,74,6,2,3,NA,6,2,60,30,1,NA,"3",NA,4,"","vign|satisfaction|inclusion|support"
"7/10/23 18:42","7/10/23 18:48",0,100,356,1,"7/10/23 18:48","R_1SLRfXBpj9HcOWZ","anonymous","EN",0.800000012,1,1,2,2,62,44,1,48,62,3,6,18,2,47,54,3,61,36,4,82,63,6,66,61,7,50,64,4,2,3,NA,6,2,65,25,1,NA,"3",NA,5,"","vign|inclusion|satisfaction|support"
"7/10/23 18:45","7/10/23 18:48",0,100,167,1,"7/10/23 18:48","R_25RXKEhhBK4YwCj","anonymous","EN",0.400000006,1,1,2,2,3,1,1,95,100,7,99,100,7,85,80,6,87,89,6,78,85,6,100,100,7,100,100,7,2,2,NA,12,2,70,27,2,NA,"3,5",NA,4,"","vign|satisfaction|inclusion|support"
"7/10/23 18:45","7/10/23 18:49",0,100,270,1,"7/10/23 18:49","R_4TlwkGQ9jwitVWp","anonymous","EN",0.800000012,1,1,2,2,19,0,1,56,84,6,49,75,6,44,62,4,50,61,4,64,43,3,82,93,7,73,88,7,2,3,NA,60,2,85,30,1,NA,"3",NA,5,"","vign|satisfaction|inclusion|support"
"7/10/23 18:48","7/10/23 18:51",0,100,183,1,"7/10/23 18:51","R_3qk52DBAeUBOoHS","anonymous","EN",0.800000012,1,1,2,2,8,19,1,62,69,2,66,68,4,93,96,6,62,60,4,83,81,4,95,100,7,79,71,6,2,4,NA,16,2,70,30,1,NA,"3",NA,5,"","vign|inclusion|satisfaction|support"
"7/10/23 18:49","7/10/23 18:53",0,100,238,1,"7/10/23 18:53","R_3GwzA2TmsG8KcIb","anonymous","EN",0.800000012,1,1,2,2,8,9,1,90,90,7,85,85,6,77,77,6,84,84,6,88,89,6,90,91,7,95,95,7,2,4,NA,5,2,70,28,2,NA,"3,4",NA,4,"","vign|satisfaction|inclusion|support"
"7/10/23 18:48","7/10/23 18:53",0,100,326,1,"7/10/23 18:53","R_2c113him9xFsAcx","anonymous","EN",0.400000006,1,1,2,2,7,29,1,29,87,4,93,23,4,30,92,4,40,31,2,60,87,6,27,80,5,82,92,7,2,1,NA,24,2,8,26,1,NA,"3",NA,4,"","vign|inclusion|satisfaction|support"
"7/10/23 18:50","7/10/23 18:53",0,100,189,1,"7/10/23 18:53","R_SVlaoVKcxRZCqIN","anonymous","EN",0.800000012,1,1,2,2,0,21,1,56,75,6,60,72,6,39,61,5,58,78,5,59,64,4,81,100,7,44,84,6,2,4,NA,60,2,60,30,1,NA,"3",NA,4,"","vign|inclusion|satisfaction|support"
"7/10/23 18:51","7/10/23 18:55",0,100,208,1,"7/10/23 18:55","R_2QFpoXCXqsiCylO","anonymous","EN",0.800000012,1,1,2,2,12,15,1,39,35,2,68,69,4,77,73,4,68,69,2,87,83,6,100,100,7,75,73,6,2,1,NA,8,2,7,25,1,NA,"3",NA,3,"","vign|inclusion|satisfaction|support"
"7/10/23 18:54","7/10/23 18:57",0,100,163,1,"7/10/23 18:57","R_1eJYOvfVWDPRQXi","anonymous","EN",0.800000012,1,1,2,2,13,31,1,40,67,5,34,63,2,44,70,6,64,71,6,43,63,4,86,100,7,62,84,7,2,2,NA,120,2,70,30,1,NA,"3",NA,4,"","vign|inclusion|satisfaction|support"
"7/10/23 18:54","7/10/23 18:57",0,100,212,1,"7/10/23 18:57","R_31RFqzyDynPtoj7","anonymous","EN",0.899999976,1,1,2,2,66,77,3,81,81,3,73,74,3,91,81,2,37,80,4,72,78,2,80,76,2,64,86,3,2,1,NA,34,2,8,20,1,NA,"3",NA,4,"","vign|satisfaction|inclusion|support"
"7/10/23 18:53","7/10/23 18:58",0,100,267,1,"7/10/23 18:58","R_1ojvvpcjv1dUMJD","anonymous","EN",0.400000006,1,1,2,2,10,10,1,73,73,5,75,75,5,76,76,5,64,64,5,81,81,6,100,100,7,85,85,6,2,3,NA,8,2,70,38,3,NA,"3",NA,5,"","vign|satisfaction|inclusion|support"
"7/10/23 18:56","7/10/23 18:58",0,100,143,1,"7/10/23 18:59","R_2CwXTUClDLWDQqh","anonymous","EN",0.800000012,1,1,2,2,20,16,1,71,75,2,77,76,3,76,73,3,81,84,5,74,70,2,78,77,6,73,77,3,2,4,NA,12,2,8,25,1,NA,"3",NA,4,"","vign|satisfaction|inclusion|support"
"7/10/23 18:58","7/10/23 19:00",0,100,143,1,"7/10/23 19:00","R_2YPv4L6umkPhHVK","anonymous","EN",0.800000012,1,1,2,2,0,0,1,40,74,4,32,71,4,60,76,6,40,72,6,16,54,3,62,97,7,58,73,5,2,2,NA,60,2,70,30,1,NA,"3",NA,4,"","vign|satisfaction|inclusion|support"
"7/10/23 18:58","7/10/23 19:01",0,100,143,1,"7/10/23 19:01","R_3LZTYTDcF0KDSsa","anonymous","EN",1,1,1,2,2,79,83,5,26,90,1,73,99,4,91,79,1,76,93,2,76,93,1,73,76,2,75,85,4,2,3,NA,56,2,90,21,1,NA,"3",NA,3,"","vign|inclusion|satisfaction|support"
"7/10/23 18:53","7/10/23 19:01",0,100,512,1,"7/10/23 19:01","R_3m2Un26c3W5tus7","anonymous","EN",0.899999976,1,1,2,2,63,63,5,81,86,6,56,55,2,100,61,6,100,100,6,100,100,7,70,69,6,91,82,7,2,2,NA,24,1,185,17,2,NA,"1",NA,1,"","vign|inclusion|satisfaction|support"
"7/10/23 18:59","7/10/23 19:01",0,100,136,1,"7/10/23 19:01","R_emKCUM4qrMboN8t","anonymous","EN",0.800000012,1,1,2,2,19,20,1,62,62,2,66,73,3,79,76,2,74,80,5,75,70,2,83,82,6,81,78,6,2,3,NA,24,2,80,25,1,NA,"3",NA,4,"","vign|inclusion|satisfaction|support"
"7/10/23 18:59","7/10/23 19:02",0,100,198,1,"7/10/23 19:02","R_1Ivi6OWbvjEyv1S","anonymous","EN",0.400000006,1,1,2,2,9,9,1,86,86,6,71,71,5,89,89,6,90,90,7,77,77,5,100,100,7,96,96,7,2,2,NA,14,2,65,29,2,NA,"3,5",NA,7,"","vign|satisfaction|inclusion|support"
"7/10/23 19:01","7/10/23 19:04",0,100,165,1,"7/10/23 19:04","R_x9PhuitdUhdCcCt","anonymous","EN",0.800000012,1,1,2,2,19,33,1,50,66,4,63,76,6,44,61,3,36,69,5,45,65,3,71,97,7,61,70,6,2,2,NA,60,4,60,35,1,NA,"3",NA,4,"","vign|inclusion|satisfaction|support"
"7/10/23 19:02","7/10/23 19:05",0,100,139,1,"7/10/23 19:05","R_30q3chxmTDtazgF","anonymous","EN",0.800000012,1,1,2,2,16,11,2,85,75,4,85,80,5,87,79,4,79,74,3,75,78,2,86,77,6,86,82,3,2,1,NA,36,2,85,28,1,NA,"3",NA,4,"","vign|satisfaction|inclusion|support"
"7/10/23 19:04","7/10/23 19:07",0,100,128,1,"7/10/23 19:07","R_cwg0OR7K0aQjV4Z","anonymous","EN",0.800000012,1,1,2,2,19,32,1,68,78,5,64,86,5,29,60,3,65,81,6,59,78,4,80,100,7,62,72,4,2,1,NA,60,2,70,35,1,NA,"3",NA,4,"","vign|inclusion|satisfaction|support"
"7/10/23 19:02","7/10/23 19:07",0,100,260,1,"7/10/23 19:07","R_1NhxnvDfYgYLNlW","anonymous","EN",0.800000012,1,1,2,2,10,10,2,85,85,6,71,71,5,83,82,6,75,75,5,84,84,6,100,100,7,94,94,7,2,2,NA,20,3,76,37,1,NA,"3",NA,4,"","vign|inclusion|satisfaction|support"
"7/10/23 19:05","7/10/23 19:08",0,100,137,1,"7/10/23 19:08","R_3KTxpAbVSIwzyqR","anonymous","EN",0.800000012,1,1,2,2,14,7,1,67,68,2,81,80,5,82,76,5,81,81,4,73,74,4,92,89,7,83,86,5,2,1,NA,18,2,80,34,1,NA,"3",NA,5,"","vign|inclusion|satisfaction|support"
"7/10/23 19:07","7/10/23 19:09",0,100,135,1,"7/10/23 19:09","R_2qh15bRxrA0wgaK","anonymous","EN",0.800000012,1,1,2,2,18,31,1,57,68,6,59,69,5,63,82,4,50,70,6,43,72,3,77,97,7,60,78,5,2,1,NA,120,2,70,30,1,NA,"3",NA,4,"","vign|inclusion|satisfaction|support"
"7/10/23 19:08","7/10/23 19:11",0,100,168,1,"7/10/23 19:11","R_2WZqu1ANymVV6j1","anonymous","EN",0.800000012,1,1,2,2,4,11,1,80,75,4,73,68,3,81,73,2,69,69,3,78,77,4,93,83,6,83,88,6,2,3,NA,11,2,67,25,1,NA,"3",NA,4,"","vign|satisfaction|inclusion|support"
"7/10/23 19:09","7/10/23 19:12",0,100,201,1,"7/10/23 19:12","R_wTYngI2qfniaiHv","anonymous","EN",0.400000006,1,1,2,2,11,11,1,82,81,5,72,73,5,87,86,6,73,73,5,91,90,7,100,100,7,82,81,6,2,2,NA,24,2,65,37,1,NA,"3,5",NA,5,"","vign|satisfaction|inclusion|support"
"7/10/23 19:11","7/10/23 19:13",0,100,144,1,"7/10/23 19:13","R_32RP9QM6PTXmDMQ","anonymous","EN",0.800000012,1,1,2,2,9,21,1,64,77,6,56,70,6,60,75,6,42,74,6,66,81,5,79,98,7,64,78,5,2,3,NA,240,2,85,35,1,NA,"3",NA,5,"","vign|inclusion|satisfaction|support"
"7/10/23 19:12","7/10/23 19:13",0,100,45,1,"7/10/23 19:13","R_C8EUf5Eb8PJNw2t","anonymous","EN",0.899999976,1,1,2,1,NA,NA,NA,NA,NA,NA,NA,NA,NA,NA,NA,NA,NA,NA,NA,NA,NA,NA,NA,NA,NA,NA,NA,NA,NA,NA,NA,NA,NA,NA,NA,NA,NA,"",NA,NA,"",""
"7/10/23 19:12","7/10/23 19:15",0,100,203,1,"7/10/23 19:15","R_4ZsDblOAI9uua2d","anonymous","EN",0.800000012,1,1,2,2,16,15,1,71,84,5,81,80,6,77,75,4,84,77,5,78,77,6,85,74,6,82,76,5,2,3,NA,15,2,75,34,1,NA,"3",NA,5,"","vign|satisfaction|inclusion|support"
"7/10/23 19:13","7/10/23 19:17",0,100,237,1,"7/10/23 19:17","R_1FzFXeYTwyPpaqY","anonymous","EN",0.400000006,1,1,2,2,14,17,1,85,86,6,76,75,6,80,83,6,70,68,4,89,87,6,92,94,6,80,80,6,2,1,NA,19,3,88,30,1,NA,"3,4",NA,4,"","vign|inclusion|satisfaction|support"
"7/10/23 19:08","7/10/23 19:17",0,100,518,1,"7/10/23 19:17","R_1QlW3OFB9CCrKm6","anonymous","EN",0.800000012,1,1,2,2,84,88,3,83,91,1,74,89,2,73,88,1,84,35,3,87,84,6,78,78,2,60,34,3,2,4,NA,45,3,21,21,1,NA,"3",NA,3,"","vign|satisfaction|inclusion|support"
"7/10/23 19:15","7/10/23 19:17",0,100,137,1,"7/10/23 19:17","R_1Fs5Vyj0haxKq2v","anonymous","EN",0.800000012,1,1,2,2,3,15,1,60,85,6,60,79,3,32,63,3,40,79,3,61,75,4,70,100,7,42,72,5,2,1,NA,120,2,80,30,1,NA,"3",NA,4,"","vign|inclusion|satisfaction|support"
"7/10/23 19:17","7/10/23 19:19",0,100,117,1,"7/10/23 19:19","R_Tk3ocFZsdXVpTkB","anonymous","EN",0.400000006,1,1,2,2,27,18,1,60,56,2,74,77,5,79,81,4,67,63,4,72,75,5,77,75,3,81,75,5,2,4,NA,10,2,50,30,1,NA,"3",NA,4,"","vign|satisfaction|inclusion|support"
"7/10/23 19:19","7/10/23 19:21",0,100,116,1,"7/10/23 19:21","R_2f2kEilMfefOC8C","anonymous","EN",0.400000006,1,1,2,2,1,11,1,39,67,5,27,74,4,66,85,5,29,73,6,50,79,5,85,97,7,62,79,6,2,3,NA,170,2,65,30,1,NA,"3",NA,4,"","vign|satisfaction|inclusion|support"
"7/10/23 19:16","7/10/23 19:21",0,100,284,1,"7/10/23 19:21","R_2ffmRNnUjRcmwAh","anonymous","EN",0.899999976,1,1,2,2,79,76,3,73,66,6,30,69,3,76,74,5,59,36,2,67,76,4,74,66,1,30,77,4,5,2,NA,7,2,30,25,1,NA,"1",NA,7,"","vign|inclusion|satisfaction|support"
"7/10/23 19:19","7/10/23 19:21",0,100,129,1,"7/10/23 19:21","R_3mgd2k6fUGvGL2f","anonymous","EN",0.400000006,1,1,2,2,17,13,1,62,57,2,77,78,4,85,73,4,79,74,5,73,75,4,90,86,5,86,78,5,2,1,NA,22,2,65,29,1,NA,"3",NA,4,"","vign|inclusion|satisfaction|support"
"7/10/23 19:18","7/10/23 19:22",0,100,252,1,"7/10/23 19:22","R_b4zkUdt8vevKKu5","anonymous","EN",0.400000006,1,1,2,2,12,10,1,72,73,5,83,84,6,75,75,6,68,68,5,88,88,6,95,95,7,97,97,7,2,3,NA,6,2,50,31,2,NA,"3",NA,3,"","vign|inclusion|satisfaction|support"
"7/10/23 19:21","7/10/23 19:24",0,100,160,1,"7/10/23 19:24","R_sSQTKrdF9IhNoul","anonymous","EN",0.400000006,1,1,2,2,9,20,1,56,75,5,58,72,4,72,95,6,50,80,5,45,66,2,68,92,7,38,68,6,2,3,NA,120,2,88,30,1,NA,"3",NA,4,"","vign|inclusion|satisfaction|support"
"7/10/23 19:22","7/10/23 19:25",0,100,190,1,"7/10/23 19:25","R_2ZTxu4S6jHCESlR","anonymous","EN",0.400000006,1,1,2,2,24,19,1,71,73,4,83,73,3,71,71,4,75,74,3,81,81,4,80,80,6,84,76,5,2,2,NA,48,2,68,34,1,NA,"3",NA,5,"","vign|satisfaction|inclusion|support"
"7/10/23 19:23","7/10/23 19:27",0,100,228,1,"7/10/23 19:27","R_2v6ootk8WI4MNjp","anonymous","EN",NA,1,1,2,2,20,18,1,78,77,6,54,58,4,65,65,5,79,77,5,89,86,6,79,72,6,92,94,7,1,3,NA,8,2,58,31,2,NA,"5",NA,3,"","vign|inclusion|satisfaction|support"
"7/10/23 19:21","7/10/23 19:27",0,100,349,1,"7/10/23 19:27","R_2qf3L5eKPDUOZco","anonymous","EN",1,1,1,2,2,50,50,1,100,100,7,98,100,1,100,100,7,80,79,2,100,100,7,100,100,7,100,100,7,2,2,NA,6,3,79,56,1,NA,"3",NA,3,"","vign|inclusion|satisfaction|support"
"7/10/23 19:25","7/10/23 19:28",0,100,156,1,"7/10/23 19:28","R_2v0J0WBDyn8IYKB","anonymous","EN",0.400000006,1,1,2,2,4,18,1,32,82,5,43,70,4,64,77,4,43,70,5,37,63,5,83,100,7,60,79,6,2,1,NA,300,2,90,35,1,NA,"3",NA,4,"","vign|inclusion|satisfaction|support"
"7/10/23 19:25","7/10/23 19:29",0,100,239,1,"7/10/23 19:29","R_bpWVbvkF5MqvGil","anonymous","EN",0.899999976,1,1,2,2,82,72,7,83,79,4,78,80,1,83,74,2,70,79,3,76,82,3,78,75,5,83,83,6,2,1,NA,35,2,90,22,2,NA,"3",NA,3,"","vign|satisfaction|inclusion|support"
"7/10/23 19:26","7/10/23 19:29",0,100,169,1,"7/10/23 19:29","R_2uHylo51mwjWtn3","anonymous","EN",0.800000012,1,1,2,2,20,13,1,77,73,4,83,74,6,80,80,5,83,81,5,77,77,5,100,90,7,85,88,6,2,3,NA,10,2,50,33,1,NA,"3",NA,5,"","vign|satisfaction|inclusion|support"
"7/10/23 19:29","7/10/23 19:32",0,100,183,1,"7/10/23 19:32","R_3iDSRae6m4670D0","anonymous","EN",0.800000012,1,1,2,2,0,14,1,38,75,6,39,71,4,30,72,6,62,71,5,49,80,6,83,92,7,64,77,6,2,1,NA,240,4,80,30,1,NA,"3",NA,5,"","vign|satisfaction|inclusion|support"
"7/10/23 19:30","7/10/23 19:32",0,100,161,1,"7/10/23 19:32","R_3CARJSurZxd9Yv9","anonymous","EN",0.800000012,1,1,2,2,16,6,1,82,79,3,80,70,5,86,76,4,82,73,4,84,77,6,89,89,7,74,71,4,2,3,NA,21,2,70,32,2,NA,"3",NA,4,"","vign|satisfaction|inclusion|support"
"7/10/23 19:33","7/10/23 19:35",0,100,137,1,"7/10/23 19:35","R_1rHADuKF5NdBEcJ","anonymous","EN",0.800000012,1,1,2,2,0,3,1,73,79,6,29,75,5,58,74,5,50,77,5,43,74,4,77,93,7,45,73,6,2,3,NA,200,2,85,30,1,NA,"3",NA,4,"","vign|satisfaction|inclusion|support"
"7/10/23 19:33","7/10/23 19:36",0,100,146,1,"7/10/23 19:36","R_z6gs5CSfkAXOYTv","anonymous","EN",NA,1,1,2,2,76,87,2,83,92,7,70,93,5,73,90,7,75,20,5,88,87,2,73,93,4,72,35,3,2,2,NA,23,2,78,22,1,NA,"3",NA,4,"","vign|inclusion|satisfaction|support"
"7/10/23 19:34","7/10/23 19:36",0,100,119,1,"7/10/23 19:36","R_2eW2OYsrk5isO8K","anonymous","EN",0.800000012,1,1,2,2,21,18,1,61,67,2,79,78,5,80,86,4,81,77,5,80,76,4,78,74,4,86,85,6,2,4,NA,14,2,55,34,1,NA,"3",NA,5,"","vign|satisfaction|inclusion|support"
"7/10/23 19:37","7/10/23 19:39",0,100,173,1,"7/10/23 19:39","R_3HFuIg0v8PzW5BN","anonymous","EN",0.800000012,1,1,2,2,5,14,1,50,63,5,40,65,6,43,73,6,50,85,5,63,78,6,77,100,7,57,78,6,2,2,NA,260,2,85,35,1,NA,"3",NA,5,"","vign|inclusion|satisfaction|support"
"7/10/23 19:37","7/10/23 19:39",0,100,140,1,"7/10/23 19:39","R_3rP7L3iwHrqLXrg","anonymous","EN",0.800000012,1,1,2,2,28,84,1,77,91,2,76,90,1,82,87,1,75,86,7,76,82,1,31,85,1,78,89,5,2,2,NA,23,3,80,23,1,NA,"4",NA,3,"","vign|inclusion|satisfaction|support"
"7/10/23 19:38","7/10/23 19:42",0,100,256,1,"7/10/23 19:42","R_3kzfpqRHzTDF1th","anonymous","EN",0.800000012,1,1,2,2,12,13,1,70,70,5,67,74,5,84,85,6,70,79,4,79,80,5,100,100,7,79,73,5,2,4,NA,20,2,78,36,1,NA,"3",NA,5,"","vign|inclusion|satisfaction|support"
"7/10/23 19:41","7/10/23 19:43",0,100,146,1,"7/10/23 19:43","R_4TwkYMKXzf1N0Q1","anonymous","EN",0.800000012,1,1,2,2,2,11,1,35,68,5,28,70,6,47,68,4,44,69,6,50,70,6,80,100,7,33,73,4,2,2,NA,220,2,80,30,1,NA,"3",NA,3,"","vign|satisfaction|inclusion|support"
"7/10/23 19:41","7/10/23 19:45",0,100,283,1,"7/10/23 19:45","R_3j1Jg5TruMfG84J","anonymous","EN",0.800000012,1,1,2,2,73,86,4,81,99,4,91,74,4,71,92,2,76,90,4,84,75,6,77,98,5,75,87,7,2,2,NA,34,2,80,25,1,NA,"3",NA,3,"","vign|inclusion|satisfaction|support"
"7/10/23 19:43","7/10/23 19:45",0,100,156,1,"7/10/23 19:45","R_3MrFeB010DUljFy","anonymous","EN",0.800000012,1,1,2,2,23,23,1,63,63,3,76,74,5,71,69,3,75,69,4,85,80,5,92,95,7,73,80,4,2,3,NA,6,2,50,30,2,NA,"3",NA,5,"","vign|satisfaction|inclusion|support"
"7/10/23 19:44","7/10/23 19:46",0,100,150,1,"7/10/23 19:46","R_xE4KtairDNxAa9r","anonymous","EN",0.800000012,1,1,2,2,0,16,1,24,74,5,27,70,3,50,69,5,41,77,6,31,81,5,78,100,7,45,72,4,2,3,NA,400,2,95,36,1,NA,"3",NA,5,"","vign|satisfaction|inclusion|support"
"7/10/23 19:46","7/10/23 19:49",0,100,157,1,"7/10/23 19:49","R_6s2VHnRIW7aBncB","anonymous","EN",0.800000012,1,1,2,2,17,18,1,64,61,3,80,70,7,79,77,5,80,86,6,74,78,4,100,100,7,81,74,4,2,3,NA,24,2,80,31,1,NA,"3",NA,5,"","vign|satisfaction|inclusion|support"
"7/10/23 19:47","7/10/23 19:49",0,100,119,1,"7/10/23 19:49","R_1DHJO6qzVnt3ZIs","anonymous","EN",0.800000012,1,1,2,2,0,22,1,41,64,5,60,73,5,43,74,6,38,72,6,50,73,6,73,93,7,50,77,4,2,4,NA,150,2,70,30,1,NA,"3",NA,4,"","vign|satisfaction|inclusion|support"
"7/10/23 19:48","7/10/23 19:52",0,100,274,1,"7/10/23 19:53","R_2bNNo9A9kxYU0gF","anonymous","EN",0.899999976,1,1,2,2,57,63,5,57,57,3,66,64,5,64,37,4,59,59,5,62,60,4,44,65,4,60,42,2,2,2,NA,5,3,5,30,1,NA,"3",NA,4,"","vign|satisfaction|inclusion|support"
"7/10/23 19:50","7/10/23 19:53",0,100,179,1,"7/10/23 19:53","R_1LqEnxuWwDcO8Vi","anonymous","EN",0.800000012,1,1,2,2,24,25,1,75,69,4,79,76,3,76,77,4,72,72,3,77,80,5,90,83,7,77,76,5,2,3,NA,16,2,60,29,2,NA,"3",NA,5,"","vign|satisfaction|inclusion|support"
"7/10/23 19:51","7/10/23 19:54",0,100,165,1,"7/10/23 19:54","R_a5mIpLGfbXkSJi1","anonymous","EN",0.800000012,1,1,2,2,6,19,1,35,56,3,33,65,5,26,62,3,42,76,6,38,75,4,88,100,7,47,71,6,2,2,NA,240,2,80,36,1,NA,"3",NA,4,"","vign|inclusion|satisfaction|support"
"7/10/23 19:47","7/10/23 19:56",0,100,540,1,"7/10/23 19:56","R_UzqdtNoquIkhbDH","anonymous","EN",1,1,1,2,2,74,84,4,77,82,3,80,81,2,78,84,2,87,86,4,74,79,2,72,80,3,81,88,5,2,2,NA,26,2,89,26,1,NA,"5",NA,3,"","vign|satisfaction|inclusion|support"
"7/10/23 19:54","7/10/23 19:57",0,100,191,1,"7/10/23 19:57","R_R9ui3BQS4ehMli1","anonymous","EN",0.400000006,1,1,2,2,20,21,1,61,64,3,74,83,5,82,89,6,69,75,5,79,80,5,100,100,7,88,80,6,2,2,NA,6,2,75,29,1,NA,"3",NA,4,"","vign|inclusion|satisfaction|support"
"7/10/23 19:54","7/10/23 19:58",0,100,192,1,"7/10/23 19:58","R_3qm3ULI2Q20ROTe","anonymous","EN",NA,1,1,2,2,6,7,1,56,58,5,62,50,4,68,69,5,70,71,5,59,50,3,90,91,7,91,92,7,2,2,NA,18,2,67,40,2,NA,"3",NA,4,"","vign|inclusion|satisfaction|support"
"7/10/23 19:55","7/10/23 19:59",0,100,230,1,"7/10/23 19:59","R_2y7pUxy9Z1Z1iPt","anonymous","EN",0.400000006,1,1,2,2,0,24,1,37,70,5,49,79,5,40,78,5,41,72,6,31,68,3,78,100,7,44,78,5,2,3,NA,180,2,65,32,1,NA,"3",NA,4,"","vign|satisfaction|inclusion|support"
"7/10/23 19:58","7/10/23 20:01",0,100,165,1,"7/10/23 20:01","R_1CwnSJ4JIJljgSq","anonymous","EN",0.400000006,1,1,2,2,24,15,2,78,83,5,80,81,5,78,78,4,66,69,4,76,82,4,81,83,6,76,74,6,2,1,NA,5,2,55,27,1,NA,"3",NA,4,"","vign|satisfaction|inclusion|support"
"7/10/23 19:58","7/10/23 20:02",0,100,211,1,"7/10/23 20:02","R_3sty74O00Mu7Npg","anonymous","EN",0.800000012,1,1,2,2,6,5,1,83,79,5,71,70,5,66,66,5,80,80,6,75,73,5,94,97,7,89,89,7,2,2,NA,26,2,78,37,2,NA,"3",NA,6,"","vign|satisfaction|inclusion|support"
"7/10/23 19:59","7/10/23 20:02",0,100,162,1,"7/10/23 20:02","R_1q53fUIf24DT1Pt","anonymous","EN",0.400000006,1,1,2,2,0,6,1,32,75,6,42,59,3,30,79,5,44,68,5,34,69,4,74,100,7,43,74,4,2,4,NA,350,2,90,33,1,NA,"3",NA,5,"","vign|satisfaction|inclusion|support"
"7/10/23 20:00","7/10/23 20:04",0,100,196,1,"7/10/23 20:04","R_5j59bk0f5HGqSad","anonymous","EN",0.800000012,1,1,2,2,84,87,4,34,91,3,34,88,3,80,81,3,78,85,4,81,90,1,36,87,3,80,91,4,2,1,NA,27,2,80,27,1,NA,"3",NA,4,"","vign|inclusion|satisfaction|support"
"7/10/23 20:03","7/10/23 20:05",0,100,140,1,"7/10/23 20:05","R_eeUBFY2C21GCvSx","anonymous","EN",0.400000006,1,1,2,2,15,14,1,82,84,6,76,73,5,72,78,5,74,74,5,68,68,5,89,86,7,83,86,6,2,4,NA,6,3,45,25,1,NA,"3",NA,3,"","vign|satisfaction|inclusion|support"
"7/10/23 20:02","7/10/23 20:05",0,100,199,1,"7/10/23 20:05","R_1LZ6jrueDpBJmvf","anonymous","EN",0.800000012,1,1,2,2,29,22,1,91,87,5,81,78,3,84,78,5,78,77,5,77,81,5,92,90,7,90,90,6,2,1,NA,12,2,50,30,2,NA,"3",NA,4,"","vign|inclusion|satisfaction|support"
"7/10/23 20:03","7/10/23 20:06",0,100,176,1,"7/10/23 20:06","R_1rOkstVO3skcwM8","anonymous","EN",0.400000006,1,1,2,2,0,13,1,22,66,3,43,69,4,44,73,4,50,73,5,45,69,5,71,100,7,57,75,6,2,1,NA,260,2,92,37,1,NA,"3",NA,5,"","vign|satisfaction|inclusion|support"
"7/10/23 20:05","7/10/23 20:07",0,100,148,1,"7/10/23 20:07","R_3L0F6HOEnpx6pzr","anonymous","EN",0.800000012,1,1,2,2,80,78,6,78,72,7,69,76,4,79,78,3,77,72,4,78,84,3,79,71,2,72,80,2,2,3,NA,18,2,50,28,1,NA,"1",NA,4,"","vign|satisfaction|inclusion|support"
"7/10/23 20:06","7/10/23 20:08",0,100,145,1,"7/10/23 20:08","R_vZjfimMPo5Uriff","anonymous","EN",0.800000012,1,1,2,2,19,17,1,85,85,6,72,71,5,66,62,4,72,70,5,77,75,5,84,83,6,91,90,6,2,3,NA,15,2,78,45,1,NA,"1,3",NA,5,"","vign|satisfaction|inclusion|support"
"7/10/23 20:06","7/10/23 20:09",0,100,143,1,"7/10/23 20:09","R_2AMDFWYvStGBLwS","anonymous","EN",0.899999976,1,1,2,1,NA,NA,NA,NA,NA,NA,NA,NA,NA,NA,NA,NA,NA,NA,NA,NA,NA,NA,NA,NA,NA,NA,NA,NA,NA,NA,NA,NA,NA,NA,NA,NA,NA,"",NA,NA,"",""
"7/10/23 20:07","7/10/23 20:09",0,100,178,1,"7/10/23 20:09","R_8bMfUXmvojEyOK5","anonymous","EN",0.800000012,1,1,2,2,8,20,1,70,77,4,75,76,3,72,80,4,64,70,3,69,78,3,80,84,6,80,86,6,2,3,NA,12,2,65,31,1,NA,"3",NA,4,"","vign|inclusion|satisfaction|support"
"7/10/23 20:09","7/10/23 20:11",0,100,126,1,"7/10/23 20:11","R_1k1CRwbo6e4aZzO","anonymous","EN",0.800000012,1,1,2,2,66,66,5,83,75,6,64,73,4,66,75,7,76,67,2,84,77,6,85,73,4,68,72,6,2,2,NA,29,2,24,29,1,NA,"3",NA,4,"","vign|satisfaction|inclusion|support"
"7/10/23 20:09","7/10/23 20:12",0,100,191,1,"7/10/23 20:12","R_xub1fNcZU1oaAP7","anonymous","EN",0.800000012,1,1,2,2,22,22,2,72,86,6,54,61,3,67,69,5,43,37,3,45,50,4,89,89,7,83,81,6,2,2,NA,5,3,65,27,2,NA,"4",NA,4,"","vign|inclusion|satisfaction|support"
"7/10/23 20:07","7/10/23 20:12",0,100,314,1,"7/10/23 20:12","R_TdxMjzb9l9yuhH3","anonymous","EN",NA,1,1,1,2,NA,NA,NA,NA,NA,NA,NA,NA,NA,NA,NA,NA,NA,NA,NA,NA,NA,NA,NA,NA,NA,NA,NA,NA,NA,NA,NA,NA,NA,NA,NA,NA,NA,"",NA,NA,"",""
"7/10/23 20:11","7/10/23 20:14",0,100,161,1,"7/10/23 20:14","R_2OP93n5JgazVGbc","anonymous","EN",0.899999976,1,1,2,2,25,22,1,69,68,3,74,81,5,75,80,5,64,70,2,77,80,5,91,84,7,81,79,5,2,4,NA,6,2,60,30,2,NA,"3",NA,4,"","vign|inclusion|satisfaction|support"
"7/10/23 20:11","7/10/23 20:15",0,100,207,1,"7/10/23 20:15","R_3P7S2FkgydHTGdC","anonymous","EN",0.800000012,1,1,2,2,0,6,1,42,72,5,27,76,5,48,75,5,36,76,5,35,74,5,86,100,7,18,78,7,2,2,NA,220,2,60,35,1,NA,"3",NA,5,"","vign|satisfaction|inclusion|support"
"7/10/23 20:13","7/10/23 20:16",0,100,176,1,"7/10/23 20:16","R_1jrieVwedx9UC6i","anonymous","EN",0.800000012,1,1,2,2,26,15,2,70,65,4,60,56,4,70,70,5,73,70,5,69,68,4,82,85,6,89,89,6,2,3,NA,28,3,79,42,1,NA,"2,3",NA,6,"","vign|satisfaction|inclusion|support"
"7/10/23 20:15","7/10/23 20:17",0,100,160,1,"7/10/23 20:17","R_1jP9UrwpsV4INrJ","anonymous","EN",0.800000012,1,1,2,2,18,15,1,70,67,3,74,79,5,85,75,6,74,75,4,77,77,4,100,100,7,76,84,6,2,4,NA,7,2,58,32,2,NA,"3",NA,4,"","vign|inclusion|satisfaction|support"
"7/10/23 20:16","7/10/23 20:19",0,100,171,1,"7/10/23 20:19","R_3QM0ccJ8KYaUeTo","anonymous","EN",0.800000012,1,1,2,2,16,17,2,67,69,5,59,72,4,67,70,5,71,72,5,69,70,5,91,88,7,82,84,6,2,2,NA,10,2,45,30,2,NA,"3",NA,4,"","vign|satisfaction|inclusion|support"
"7/10/23 20:16","7/10/23 20:19",0,100,152,1,"7/10/23 20:19","R_1DI5gxOT91B5jMo","anonymous","EN",0.699999988,1,1,2,2,0,21,1,17,61,2,42,69,6,21,69,4,22,67,6,34,68,3,76,100,7,50,74,6,2,2,NA,300,2,96,28,1,NA,"3",NA,4,"","vign|inclusion|satisfaction|support"
"7/10/23 20:13","7/10/23 20:19",0,100,384,1,"7/10/23 20:19","R_31F8dEeEoMVScpG","anonymous","EN",1,1,1,2,2,66,82,6,75,90,2,32,72,3,79,93,3,76,80,2,52,86,5,72,90,5,78,81,1,2,1,NA,54,3,77,39,1,NA,"3",NA,4,"","vign|inclusion|satisfaction|support"
"7/10/23 20:20","7/10/23 20:23",0,100,150,1,"7/10/23 20:23","R_1qX5EeOOQ6PUqLg","anonymous","EN",0.800000012,1,1,2,2,83,76,3,31,87,4,84,74,3,74,77,4,76,94,3,36,71,3,28,74,5,74,89,1,2,1,NA,23,2,56,34,1,NA,"3",NA,3,"","vign|inclusion|satisfaction|support"
"7/10/23 20:20","7/10/23 20:23",0,100,159,1,"7/10/23 20:23","R_3R7Us5UvS4Q6DqP","anonymous","EN",0.800000012,1,1,2,2,20,14,2,86,80,6,50,50,4,87,88,7,65,72,5,65,68,5,93,90,7,91,88,7,2,2,NA,26,2,89,38,1,NA,"3,5",NA,5,"","vign|inclusion|satisfaction|support"
"7/10/23 20:21","7/10/23 20:24",0,100,180,1,"7/10/23 20:25","R_2xMdQws5csQjpbC","anonymous","EN",0.699999988,1,1,2,2,0,17,1,33,71,2,29,79,6,35,70,5,52,66,6,38,77,6,77,100,7,45,71,5,2,3,NA,177,2,70,28,1,NA,"3",NA,4,"","vign|satisfaction|inclusion|support"
"7/10/23 20:23","7/10/23 20:26",0,100,179,1,"7/10/23 20:26","R_2uwleRtFc2GXGnv","anonymous","EN",0.800000012,1,1,2,2,15,14,2,93,88,7,65,57,4,69,61,5,66,61,5,37,42,3,83,80,6,72,72,6,2,3,NA,32,2,87,38,1,NA,"3",NA,5,"","vign|inclusion|satisfaction|support"
"7/10/23 20:23","7/10/23 20:28",0,100,248,1,"7/10/23 20:28","R_10oe19oD1Y90nlm","anonymous","EN",0.800000012,1,1,2,2,77,83,3,62,79,4,74,90,4,78,83,1,83,83,3,82,87,2,78,84,3,85,79,1,2,2,NA,32,3,56,40,1,NA,"3",NA,4,"","vign|satisfaction|inclusion|support"
"7/10/23 20:26","7/10/23 20:28",0,100,154,1,"7/10/23 20:28","R_1ODfyfBpnsxWl18","anonymous","EN",0.699999988,1,1,2,2,8,29,1,50,69,6,37,66,5,29,50,6,61,84,6,35,71,2,81,100,7,45,80,3,2,3,NA,320,2,85,26,1,NA,"3",NA,5,"","vign|inclusion|satisfaction|support"
"7/10/23 20:27","7/10/23 20:30",0,100,166,1,"7/10/23 20:30","R_PHXVMlo3bGOovf3","anonymous","EN",0.800000012,1,1,2,2,16,11,2,74,78,5,56,57,4,70,70,5,80,80,6,74,75,6,77,69,5,88,91,7,2,2,NA,12,2,65,32,2,NA,"3,4",NA,4,"","vign|satisfaction|inclusion|support"
"7/10/23 20:22","7/10/23 20:31",0,100,516,1,"7/10/23 20:31","R_1H1fg4NJFbmahZg","anonymous","EN",1,1,1,2,2,75,66,2,88,69,7,69,71,4,73,74,5,72,66,5,68,63,6,82,80,5,63,65,6,2,2,NA,2,3,41,0.23,1,NA,"1",NA,4,"","vign|satisfaction|inclusion|support"
"7/10/23 20:31","7/10/23 20:34",0,100,155,1,"7/10/23 20:34","R_1cTYWGRaZEXe5tW","anonymous","EN",0.800000012,1,1,2,2,21,15,2,81,82,6,35,31,4,36,41,3,82,81,6,83,80,6,53,40,5,71,69,5,2,1,NA,23,4,50,23,2,NA,"3",NA,3,"","vign|inclusion|satisfaction|support"
"7/10/23 20:33","7/10/23 20:38",0,100,301,1,"7/10/23 20:38","R_3OqUp80O8AvVRvw","anonymous","EN",0.800000012,1,1,2,2,56,59,3,72,74,5,77,80,5,78,78,6,67,70,3,80,82,6,83,81,6,86,85,6,2,2,NA,1,2,54,24,1,NA,"3",NA,4,"","vign|satisfaction|inclusion|support"
"7/10/23 20:36","7/10/23 20:39",0,100,178,1,"7/10/23 20:39","R_3Jk38W077wAhenX","anonymous","EN",0.800000012,1,1,2,2,17,14,2,71,62,5,43,30,3,86,75,6,77,73,5,74,67,5,100,100,7,91,86,7,2,2,NA,18,4,54,26,2,NA,"5",NA,3,"","vign|inclusion|satisfaction|support"
"7/10/23 20:27","7/10/23 20:41",0,100,823,1,"7/10/23 20:41","R_eRw7ZIK03mR4lZT","anonymous","EN",NA,1,1,2,2,56,36,1,86,72,5,59,61,3,70,73,5,69,64,4,86,76,6,82,68,6,79,79,6,2,2,NA,4,2,11,23,1,NA,"3",NA,4,"","vign|satisfaction|inclusion|support"
"7/10/23 20:42","7/10/23 20:45",0,100,186,1,"7/10/23 20:45","R_111pUzkVZQFLmRt","anonymous","EN",0.800000012,1,1,2,2,18,20,2,73,76,6,51,63,4,89,85,6,76,73,6,50,59,4,95,84,7,80,82,6,2,2,NA,6,2,53,40,1,NA,"3",NA,5,"","vign|satisfaction|inclusion|support"
"7/10/23 20:07","7/10/23 20:46",0,100,2285,1,"7/10/23 20:46","R_3PcTJQDGvMrOzKa","anonymous","EN",0.800000012,1,1,2,2,63,65,4,56,60,2,62,60,4,60,62,2,62,62,2,60,63,4,57,60,4,61,62,6,3,3,NA,5,2,7,22,2,NA,"1",NA,1,"","vign|inclusion|satisfaction|support"
"7/10/23 20:39","7/10/23 20:46",0,100,435,1,"7/10/23 20:46","R_3lQ7u6f9noWFN5h","anonymous","EN",0.800000012,1,1,2,2,63,67,4,73,72,5,65,64,4,70,68,3,76,75,5,85,79,6,76,71,6,74,71,5,2,2,NA,2,2,58,24,1,NA,"3",NA,5,"","vign|inclusion|satisfaction|support"
"7/10/23 20:38","7/10/23 20:47",0,100,485,1,"7/10/23 20:47","R_2yqJLsSsFUxAh6C","anonymous","EN",0.800000012,1,1,2,2,56,73,1,73,68,3,41,75,2,41,27,1,57,38,2,63,58,2,40,58,1,76,68,5,2,2,NA,34,2,5,31,1,NA,"3",NA,4,"","vign|inclusion|satisfaction|support"
"7/10/23 20:46","7/10/23 20:49",0,100,169,1,"7/10/23 20:49","R_9LJsdwFQkTZ7Itj","anonymous","EN",0.400000006,1,1,2,2,21,18,2,83,83,6,59,50,3,79,70,5,50,50,5,68,69,5,100,98,7,94,92,7,2,3,NA,23,2,70,36,2,NA,"3",NA,7,"","vign|inclusion|satisfaction|support"
"7/10/23 20:07","7/10/23 20:50",0,100,2576,1,"7/10/23 20:50","R_1pF39AJCUN3FL8L","anonymous","EN",0.800000012,1,1,2,2,63,58,1,57,54,6,60,62,4,63,61,6,57,60,5,58,63,2,59,59,4,59,65,6,3,2,NA,4,2,5,22,2,NA,"1",NA,1,"","vign|satisfaction|inclusion|support"
"7/10/23 20:41","7/10/23 20:52",0,100,685,1,"7/10/23 20:52","R_Xh4d5NESkMUtGdr","anonymous","EN",0.899999976,1,1,2,1,NA,NA,NA,NA,NA,NA,NA,NA,NA,NA,NA,NA,NA,NA,NA,NA,NA,NA,NA,NA,NA,NA,NA,NA,NA,NA,NA,NA,NA,NA,NA,NA,NA,"",NA,NA,"",""
"7/10/23 20:08","7/10/23 20:52",0,100,2685,1,"7/10/23 20:52","R_32KM7JVUCCCnGIc","anonymous","EN",1,1,1,2,2,61,60,4,57,65,3,60,63,4,60,62,2,57,59,4,61,62,6,61,61,4,62,60,6,3,3,NA,5,2,6,22,2,NA,"1",NA,1,"","vign|satisfaction|inclusion|support"
"7/10/23 20:49","7/10/23 20:53",0,100,194,1,"7/10/23 20:53","R_2VjVFmPprVzMuf3","anonymous","EN",0.800000012,1,1,2,2,16,14,2,74,77,5,38,45,4,67,65,5,77,70,5,62,63,5,93,97,7,82,77,6,2,2,NA,23,4,50,30,3,NA,"5",NA,7,"","vign|satisfaction|inclusion|support"
"7/10/23 20:08","7/10/23 20:53",0,100,2691,1,"7/10/23 20:53","R_OrHmYNYoezSlePn","anonymous","EN",0.899999976,1,1,2,2,58,62,2,60,58,2,56,62,4,62,59,2,55,56,6,60,58,4,57,60,2,56,57,2,3,2,NA,4,2,5,22,2,NA,"1",NA,1,"","vign|inclusion|satisfaction|support"
"7/10/23 20:47","7/10/23 20:53",0,100,362,1,"7/10/23 20:53","R_3JaUywv7uuoQJOd","anonymous","EN",NA,1,1,2,2,59,59,3,78,71,5,72,72,5,70,65,4,76,73,5,78,82,6,82,82,6,72,71,5,2,2,NA,3,2,60,25,1,NA,"3",NA,4,"","vign|inclusion|satisfaction|support"
"7/10/23 20:50","7/10/23 20:55",0,100,267,1,"7/10/23 20:55","R_poMj5duanOnw36h","anonymous","EN",0.800000012,1,1,2,2,42,43,1,69,68,3,26,27,2,13,8,1,36,58,2,64,50,3,82,90,6,100,100,6,2,2,NA,26,3,51,36,2,NA,"3",NA,4,"","vign|inclusion|satisfaction|support"
"7/10/23 20:10","7/10/23 20:56",0,100,2734,1,"7/10/23 20:56","R_1FyNeVOAmpGBFVL","anonymous","EN",0.800000012,1,1,2,2,57,41,2,64,63,2,64,40,4,39,59,2,62,66,2,66,32,6,62,41,4,60,34,4,3,3,NA,4,2,4,22,2,NA,"1",NA,1,"","vign|inclusion|satisfaction|support"
"7/10/23 20:55","7/10/23 20:56",0,100,84,1,"7/10/23 20:56","R_1opSjKNsKipq892","anonymous","EN",0.899999976,1,1,2,1,NA,NA,NA,NA,NA,NA,NA,NA,NA,NA,NA,NA,NA,NA,NA,NA,NA,NA,NA,NA,NA,NA,NA,NA,NA,NA,NA,NA,NA,NA,NA,NA,NA,"",NA,NA,"",""
"7/10/23 20:53","7/10/23 20:56",0,100,176,1,"7/10/23 20:56","R_3RkZ9EIO6GUIZos","anonymous","EN",0.800000012,1,1,2,2,28,25,3,75,71,6,50,50,5,66,66,5,50,50,4,58,55,5,95,92,7,97,92,7,2,3,NA,34,4,85,46,2,NA,"3",NA,6,"","vign|satisfaction|inclusion|support"
"7/10/23 20:09","7/10/23 20:57",0,100,2869,1,"7/10/23 20:57","R_3QzIShSdTu4ExLr","anonymous","EN",0.899999976,1,1,2,2,43,67,2,42,38,1,43,42,4,44,67,2,45,62,2,42,41,3,45,56,2,40,42,4,3,3,NA,5,2,7,22,2,NA,"1",NA,1,"","vign|satisfaction|inclusion|support"
"7/10/23 20:45","7/10/23 20:59",0,100,824,1,"7/10/23 20:59","R_3CP1RV67kpV8aD6","anonymous","EN",0.899999976,1,1,2,2,72,33,7,73,76,3,73,69,4,72,75,6,76,72,7,70,69,6,70,78,5,66,65,5,3,4,NA,24,2,2,28,1,NA,"4",NA,3,"","vign|satisfaction|inclusion|support"
"7/10/23 20:09","7/10/23 20:59",0,100,3005,1,"7/10/23 20:59","R_pQqpwsyTwa8bL5D","anonymous","EN",0.800000012,1,1,2,2,41,58,3,43,39,3,35,52,2,46,40,2,36,40,1,39,39,1,41,41,4,41,43,4,3,3,NA,4,2,5,22,2,NA,"1",NA,1,"","vign|satisfaction|inclusion|support"
"7/10/23 20:43","7/10/23 21:00",0,100,1023,1,"7/10/23 21:00","R_2eb7HynChMSl20T","anonymous","EN",0.800000012,1,1,2,2,60,51,1,69,62,3,50,50,1,46,40,1,56,56,1,70,68,4,91,90,6,50,60,1,2,1,NA,5,2,6,30,2,NA,"4",NA,3,"","vign|satisfaction|inclusion|support"
"7/10/23 20:09","7/10/23 21:01",0,100,3110,1,"7/10/23 21:01","R_yEZjP9JGTYLuqZj","anonymous","EN",0.800000012,1,1,2,2,59,42,4,38,45,2,42,42,2,37,43,2,44,39,2,56,41,2,59,43,2,37,54,6,2,3,NA,4,2,5,22,2,NA,"1",NA,1,"","vign|inclusion|satisfaction|support"
"7/10/23 20:56","7/10/23 21:02",0,100,398,1,"7/10/23 21:02","R_33vF6cY16RzznDr","anonymous","EN",0.899999976,1,1,2,2,69,66,4,68,68,5,78,67,6,75,79,5,70,70,5,82,78,6,85,80,6,71,73,4,2,2,NA,2,2,50,26,1,NA,"3",NA,4,"","vign|satisfaction|inclusion|support"
"7/10/23 20:53","7/10/23 21:02",0,100,580,1,"7/10/23 21:02","R_3HMM9LbeLJNaRqu","anonymous","EN",0.899999976,1,1,2,2,72,75,6,88,68,7,84,70,6,80,83,6,85,82,7,77,78,6,86,83,6,93,69,5,2,1,NA,1,2,8,28,2,NA,"3",NA,4,"","vign|satisfaction|inclusion|support"
"7/10/23 21:00","7/10/23 21:04",0,100,214,1,"7/10/23 21:04","R_Qh404DOsqRCKwhj","anonymous","EN",0.800000012,1,1,2,2,37,70,6,71,35,5,76,66,5,77,67,4,76,73,5,79,70,6,75,69,7,66,27,4,1,2,NA,5,2,3,30,1,NA,"3",NA,3,"","vign|satisfaction|inclusion|support"
"7/10/23 20:10","7/10/23 21:04",0,100,3278,1,"7/10/23 21:04","R_ctMmeeXcvdPKiOZ","anonymous","EN",0.899999976,1,1,2,2,44,57,2,43,45,2,51,44,2,38,67,1,44,39,2,36,46,4,43,40,2,41,50,2,3,2,NA,4,2,5,22,2,NA,"1",NA,1,"","vign|satisfaction|inclusion|support"
"7/10/23 20:58","7/10/23 21:04",0,100,372,1,"7/10/23 21:04","R_10NQcx5vlaZcrVd","anonymous","EN",0.800000012,1,1,2,2,3,2,1,50,50,3,34,22,5,25,20,2,50,50,4,77,71,4,91,90,7,80,70,5,2,2,NA,43,1,10,25,2,NA,"3",NA,3,"","vign|satisfaction|inclusion|support"
"7/10/23 21:06","7/10/23 21:08",0,100,135,1,"7/10/23 21:08","R_3Kv8PPdl740dgaY","anonymous","EN",0.400000006,1,1,2,2,0,15,1,50,63,2,40,65,4,44,71,5,39,64,6,40,66,3,37,68,3,34,75,7,2,3,NA,200,2,80,26,1,NA,"3",NA,4,"","vign|inclusion|satisfaction|support"
"7/10/23 21:05","7/10/23 21:10",0,100,269,1,"7/10/23 21:10","R_2scd8qbNCmka4tr","anonymous","EN",0.699999988,1,1,2,2,84,84,6,74,77,6,92,90,7,72,70,6,91,92,7,72,76,6,71,71,6,90,89,7,2,1,NA,3,2,9,25,2,NA,"3",NA,3,"","vign|satisfaction|inclusion|support"
"7/10/23 21:03","7/10/23 21:11",0,100,454,1,"7/10/23 21:11","R_2aruTDu1O4vRBCQ","anonymous","EN",0.400000006,1,1,2,2,53,57,3,84,64,5,75,79,5,72,70,5,74,78,5,77,71,5,88,74,7,82,83,6,2,4,NA,5,2,37,46,1,NA,"1",NA,4,"","vign|satisfaction|inclusion|support"
"7/10/23 21:06","7/10/23 21:13",0,100,404,1,"7/10/23 21:13","R_12A90sJOWnT178Y","anonymous","EN",0.899999976,1,1,2,2,0,0,1,40,50,3,31,50,3,42,39,2,64,68,5,66,68,5,100,85,6,80,80,5,2,1,NA,18,2,40,29,1,NA,"1",NA,4,"","vign|satisfaction|inclusion|support"
"7/10/23 21:10","7/10/23 21:13",0,100,175,1,"7/10/23 21:13","R_u50lruh92zUfl6h","anonymous","EN",0.400000006,1,1,2,2,0,21,1,36,68,5,27,69,3,33,73,4,22,70,6,33,63,5,80,89,7,34,70,6,2,4,NA,224,2,60,25,1,NA,"3",NA,4,"","vign|satisfaction|inclusion|support"
"7/10/23 21:06","7/10/23 21:13",0,100,404,1,"7/10/23 21:13","R_3hhCWspSNbLj1wy","anonymous","EN",1,1,1,2,2,22,31,1,40,77,2,53,64,5,31,39,3,34,36,2,56,54,3,49,57,4,56,71,5,2,1,NA,4,3,70,29,1,NA,"3",NA,4,"","vign|inclusion|satisfaction|support"
"7/10/23 21:14","7/10/23 21:18",0,100,249,1,"7/10/23 21:18","R_24qtnMJwv2W6v8l","anonymous","EN",0.400000006,1,1,2,2,12,11,1,50,50,3,39,42,3,42,41,3,50,50,4,78,71,5,100,100,7,77,82,5,2,2,NA,8,2,30,31,1,NA,"3",NA,4,"","vign|satisfaction|inclusion|support"
"7/10/23 21:15","7/10/23 21:18",0,100,202,1,"7/10/23 21:18","R_2xVPSktZ3kWGaxa","anonymous","EN",0.400000006,1,1,2,2,3,18,1,37,64,5,37,69,5,59,74,4,39,71,5,31,59,6,79,90,7,66,81,5,2,2,NA,60,2,70,37,1,NA,"3",NA,4,"","vign|inclusion|satisfaction|support"
"7/10/23 21:13","7/10/23 21:18",0,100,294,1,"7/10/23 21:18","R_1IZvVZuQQhsWbOM","anonymous","EN",0.899999976,1,1,2,2,30,74,7,39,74,6,68,42,5,82,38,6,75,26,6,24,70,6,23,75,7,73,68,5,3,2,NA,8,2,3,32,1,NA,"3",NA,4,"","vign|inclusion|satisfaction|support"
"7/10/23 21:19","7/10/23 21:23",0,100,235,1,"7/10/23 21:23","R_bBIi5jx0XKngZQ5","anonymous","EN",0.699999988,1,1,2,2,0,21,1,30,62,3,37,73,3,33,70,5,32,72,4,35,80,3,71,94,7,34,76,2,2,3,NA,40,2,80,33,1,NA,"3",NA,4,"","vign|inclusion|satisfaction|support"
"7/10/23 21:16","7/10/23 21:25",0,100,527,1,"7/10/23 21:25","R_1P0DJMlqvUb266O","anonymous","EN",0.699999988,1,1,2,2,36,44,5,70,59,6,81,66,4,75,76,4,21,35,2,68,64,6,35,41,3,80,89,6,2,1,NA,20,3,30,26,1,NA,"3",NA,5,"","vign|satisfaction|inclusion|support"
"7/10/23 21:16","7/10/23 21:25",0,100,530,1,"7/10/23 21:25","R_T7UT4hq0VbMnxEB","anonymous","EN",0.699999988,1,1,2,2,19,21,1,89,72,6,73,63,5,87,88,6,58,58,2,84,84,2,84,76,5,90,69,6,2,2,NA,15,2,40,59,1,NA,"1,4",NA,2,"","vign|satisfaction|inclusion|support"
"7/10/23 21:16","7/10/23 21:25",0,100,533,1,"7/10/23 21:25","R_XXM1Hrr0Y3HgC4x","anonymous","EN",0.300000012,1,1,2,2,42,59,2,81,77,4,71,81,6,68,76,3,75,58,4,76,69,7,92,89,7,57,68,3,2,3,NA,24,3,45,36,1,NA,"3,4",NA,3,"","vign|inclusion|satisfaction|support"
"7/10/23 21:16","7/10/23 21:25",0,100,535,1,"7/10/23 21:25","R_1fiIweHJtxt3qyP","anonymous","EN",0.699999988,1,1,2,2,61,63,2,78,74,6,66,68,5,68,72,3,94,67,3,79,85,3,78,70,5,15,25,2,2,4,NA,18,2,42,49,1,NA,"5",NA,1,"","vign|satisfaction|inclusion|support"
"7/10/23 21:20","7/10/23 21:26",0,100,381,1,"7/10/23 21:26","R_3ncTsKdc8Lmzvpk","anonymous","EN",0.400000006,1,1,2,2,10,11,1,50,50,3,28,32,3,32,32,3,32,29,2,74,73,3,83,80,6,74,75,5,2,2,NA,21,3,52,27,1,NA,"3",NA,3,"","vign|inclusion|satisfaction|support"
"7/10/23 21:22","7/10/23 21:30",0,100,476,1,"7/10/23 21:30","R_A7LAO6M9yUBDv3P","anonymous","EN",0.400000006,1,1,2,2,81,80,6,81,84,6,84,82,5,83,80,6,92,90,7,85,83,5,84,80,5,97,94,7,2,2,NA,2,2,7,27,2,NA,"3",NA,4,"","vign|satisfaction|inclusion|support"
"7/10/23 21:23","7/10/23 21:31",0,100,508,1,"7/10/23 21:31","R_1cRPA0ue6S9fX3k","anonymous","EN",0.899999976,1,1,2,2,59,66,4,90,83,6,71,73,3,76,71,4,73,70,5,86,85,6,90,92,6,81,76,5,2,4,NA,10,2,8,30,1,NA,"1",NA,6,"","vign|satisfaction|inclusion|support"
"7/10/23 21:27","7/10/23 21:33",0,100,347,1,"7/10/23 21:33","R_2S6MYWlHlfkr3dg","anonymous","EN",0.100000001,1,1,2,2,8,5,1,42,82,3,18,21,2,29,36,2,64,50,4,18,21,2,85,80,7,70,76,6,2,2,NA,33,2,20,41,1,NA,"3",NA,4,"","vign|satisfaction|inclusion|support"
"7/10/23 21:01","7/10/23 21:34",0,100,1957,1,"7/10/23 21:34","R_2pQ99LCZV6CkuOd","anonymous","EN",NA,1,1,2,2,44,53,1,60,61,3,67,62,4,80,70,4,72,54,4,72,74,5,65,67,6,58,81,3,2,1,NA,2,3,10,34,2,NA,"3",NA,5,"","vign|satisfaction|inclusion|support"
"7/10/23 21:18","7/10/23 21:35",0,100,1014,1,"7/10/23 21:35","R_1jUn25CNYe6Tnu6","anonymous","EN",NA,1,1,2,2,65,60,1,63,70,2,61,60,1,68,68,2,79,83,2,81,81,2,95,95,7,85,80,4,2,1,NA,4,2,8,30,2,NA,"5",NA,2,"","vign|inclusion|satisfaction|support"
"7/10/23 21:28","7/10/23 21:37",0,100,548,1,"7/10/23 21:37","R_OuJ6V9dVOzRnikF","anonymous","EN",0.400000006,1,1,2,2,14,20,1,81,69,4,80,89,6,75,90,6,78,79,4,75,77,4,90,91,7,98,92,7,2,3,NA,5,3,75,28,1,NA,"3",NA,4,"","vign|inclusion|satisfaction|support"
"7/10/23 21:32","7/10/23 21:39",0,100,374,1,"7/10/23 21:39","R_2sSFgiv7FiD8DhV","anonymous","EN",0.699999988,1,1,2,2,74,67,6,77,69,4,77,74,4,79,77,6,75,75,5,74,79,6,91,89,7,87,88,7,2,2,NA,3,2,8,24,2,NA,"3",NA,3,"","vign|satisfaction|inclusion|support"
"7/10/23 21:36","7/10/23 21:42",0,100,313,1,"7/10/23 21:42","R_NXwzLrxFpSIHt6N","anonymous","EN",0.699999988,1,1,2,2,3,4,1,50,50,3,41,30,3,51,30,4,51,50,4,40,40,2,83,83,5,70,79,6,2,1,NA,15,3,60,35,1,NA,"2",NA,5,"","vign|satisfaction|inclusion|support"
"7/10/23 21:39","7/10/23 21:43",0,100,263,1,"7/10/23 21:43","R_sBBZAeWYgwNKFpL","anonymous","EN",0.899999976,1,1,2,2,17,27,1,46,37,3,43,85,2,32,39,2,46,47,3,50,56,2,68,71,2,71,75,5,2,2,NA,8,1,52,30,1,NA,"2",NA,4,"","vign|satisfaction|inclusion|support"
"7/10/23 21:43","7/10/23 21:46",0,100,186,1,"7/10/23 21:46","R_BWImhqCgVYU1ZGF","anonymous","EN",0.699999988,1,1,2,2,23,30,1,70,81,5,86,88,6,92,85,6,81,86,6,90,86,6,81,90,6,98,96,7,2,3,NA,6,3,80,30,1,NA,"1",NA,7,"","vign|satisfaction|inclusion|support"
"7/10/23 21:45","7/10/23 21:46",0,100,54,1,"7/10/23 21:46","R_sHJmqp5bhEQLPxL","anonymous","EN",0.400000006,1,1,2,1,NA,NA,NA,NA,NA,NA,NA,NA,NA,NA,NA,NA,NA,NA,NA,NA,NA,NA,NA,NA,NA,NA,NA,NA,NA,NA,NA,NA,NA,NA,NA,NA,NA,"",NA,NA,"",""
"7/10/23 21:42","7/10/23 21:47",0,100,299,1,"7/10/23 21:47","R_z1NlRYnCupHBBkJ","anonymous","EN",0.699999988,1,1,2,2,74,100,2,97,95,6,80,89,4,85,91,3,78,94,3,92,92,5,95,92,7,82,92,3,2,2,NA,24,3,8,25,1,NA,"3",NA,4,"","vign|satisfaction|inclusion|support"
"7/10/23 21:43","7/10/23 21:48",0,100,296,1,"7/10/23 21:48","R_1JY1d4jvkTp4wOo","anonymous","EN",0.100000001,1,1,2,2,15,31,1,61,71,4,39,41,3,50,49,4,70,70,4,50,68,4,90,78,6,71,69,5,2,2,NA,28,2,25,30,2,NA,"3",NA,4,"","vign|satisfaction|inclusion|support"
"7/10/23 21:47","7/10/23 21:48",0,100,44,1,"7/10/23 21:48","R_32YoDl6obV4VumG","anonymous","EN",0.699999988,1,1,3,1,NA,NA,NA,NA,NA,NA,NA,NA,NA,NA,NA,NA,NA,NA,NA,NA,NA,NA,NA,NA,NA,NA,NA,NA,NA,NA,NA,NA,NA,NA,NA,NA,NA,"",NA,NA,"",""
"7/10/23 21:39","7/10/23 21:49",0,100,573,1,"7/10/23 21:49","R_3R7ME4CqJmsIgLN","anonymous","EN",0.400000006,1,1,2,2,43,59,1,70,67,6,81,74,3,85,65,5,84,75,3,76,74,6,69,75,4,88,77,4,2,3,NA,6,2,14,35,2,NA,"3",NA,3,"","vign|satisfaction|inclusion|support"
"7/10/23 21:49","7/10/23 21:49",0,100,31,1,"7/10/23 21:49","R_1BVgfSy1hX3oaDn","anonymous","EN",0.699999988,1,1,3,2,NA,NA,NA,NA,NA,NA,NA,NA,NA,NA,NA,NA,NA,NA,NA,NA,NA,NA,NA,NA,NA,NA,NA,NA,NA,NA,NA,NA,NA,NA,NA,NA,NA,"",NA,NA,"",""
"7/10/23 21:49","7/10/23 21:52",0,100,171,1,"7/10/23 21:52","R_3r2jamrsF0ePlBj","anonymous","EN",0.899999976,1,1,2,2,27,36,2,87,83,6,83,83,6,71,70,5,91,88,6,92,96,7,74,88,6,94,98,7,2,1,NA,7,3,70,33,1,NA,"2",NA,5,"","vign|satisfaction|inclusion|support"
"7/10/23 21:49","7/10/23 21:53",0,100,229,1,"7/10/23 21:53","R_SW7yTLlMBJsmbYt","anonymous","EN",0.699999988,1,1,2,2,62,68,2,83,81,2,82,93,4,84,90,5,88,88,3,80,88,4,81,94,5,83,100,6,2,3,NA,12,3,10,20,1,NA,"3",NA,4,"","vign|inclusion|satisfaction|support"
"7/10/23 21:51","7/10/23 21:57",0,100,352,1,"7/10/23 21:57","R_C2KQZn8JTw4I8SJ","anonymous","EN",0.400000006,1,1,2,2,15,52,1,50,60,3,50,50,3,41,63,2,67,63,4,66,64,5,100,99,7,63,69,6,2,1,NA,37,3,50,28,1,NA,"1",NA,3,"","vign|inclusion|satisfaction|support"
"7/10/23 21:50","7/10/23 21:58",0,100,498,1,"7/10/23 21:58","R_1Mrrd5pMmSu6LGF","anonymous","EN",0.699999988,1,1,2,2,95,97,1,100,100,1,100,100,1,100,100,1,100,100,1,98,95,1,100,100,1,91,90,1,5,4,NA,10,4,100,40,1,NA,"3",NA,8,"Associate degree ","vign|satisfaction|inclusion|support"
