ResponseId;StartDate;EndDate;Status;Progress;Duration..in.seconds.;Finished;RecordedDate;DistributionChannel;UserLanguage;prime_vign;restore;value_1;cold_1;mourn_1;mental_health_1;refund_1;petition_1;essence_1;invest_1;well_1_1;well_2_1;well_3_1;well_4_1;well_5_1;explanation;r1_mentalhealth;r2_mentalhealth;r1_disappointment;r2_disappointment;r1_mourning;r2_mourning;r1_senseofloss;r2_senseofloss;r1_wellbeing;r2_wellbeing;rater_1_identity;rater_1_devaluation;rater_1_mourning;rater_1_mourning_new;rater_1_actual1_metaphorical0;rater_2_identity;rater_2_devaluation;rater_2_mourning;rater_2_actual1_metaphorical0;rater_1_identity_change_type;rater_1_devaluation_type;rater_1_mourning_type;value_1_1;value_2_1;value_3_1;gender_rep;age_rep;relationship_rep;months_rep;hours_rep;subscription_rep;exp_level_rep;gender;gender_4_TEXT;ethnicity;ethnicity_6_TEXT;age;edu;edu_8_TEXT;relation_status;relation_status_8_TEXT;close_friends;emotion;sentiment
"R_cIyckBrntq7SvMB;2023-04-28 12:45:59;2023-04-28 13:02:08;0;100;969;1;2023-04-28 13:02:09;anonymous;EN;5;5;89;100;76;69;100;51;100;78;2;3;3;3;3;;1;1;1;1;0;0;1;1;1;1;1;1;1;0;1;1;1;1;1;Different;Brand;Abusive;100;84;100;2;35;2;8;1.5;3;150;2;;7;;36;7;;1;;10;surprise;negative"
"R_232JXOiEIkpfyfi;2023-04-25 22:52:26;2023-04-25 23:04:04;0;100;698;1;2023-04-25 23:04:05;anonymous;EN;5;4;100;80;100;100;51;0;100;100;0;0;0;0;0;;0;0;1;1;0;0;0;0;0;0;1;1;1;0;1;1;1;1;1;Different;;Abusive;100;100;100;1;25;2;48;5;5;31;2;;7;;38;8;;2;;7;disgust;negative"
"R_OrKLCjPgQAgChAR;2023-04-23 15:59:02;2023-04-23 16:05:40;0;100;398;1;2023-04-23 16:05:41;anonymous;EN;5;4;50;100;100;100;100;50;50;100;1;1;1;1;1;;1;1;0;0;0;0;1;1;1;1;0;0;1;1;1;0;0;1;1;;;Abusive,Mental Health;100;100;100;1;22;2;10;1;3;110;1;;3;;50;12;;1;;0;anger;neutral"
"R_3I3NqFb5AijPkIS;2023-04-29 19:29:25;2023-04-29 19:39:56;0;100;631;1;2023-04-29 19:39:57;anonymous;EN;5;4;100;100;100;100;100;86;100;99;0;0;0;0;0;;0;0;1;1;0;0;0;0;1;1;1;1;1;0;1;1;1;1;1;Different;;Abusive,Well being;100;100;100;2;26;5;6;2;3;200;1;;7;;57;2;;2;;5;fear;negative"
"R_2ANInaOTHs3HAWJ;2023-04-21 21:05:38;2023-04-21 21:40:46;0;100;2108;1;2023-04-21 21:40:48;anonymous;EN;5;5;100;100;100;75;100;100;100;100;2;3;2;3;3;;0;0;1;1;0;0;1;1;1;1;1;1;1;0;0;1;1;1;0;Different;Ceo, Not use;Dismissive;100;100;100;2;30;2;14;1;3;105;1;;3;;52;10;;1;;2;neutral;neutral"
"R_8Bt4owCHaDgJ4Ih;2023-04-21 14:21:28;2023-04-21 14:29:09;0;100;461;1;2023-04-21 14:29:10;anonymous;EN;5;4;100;70;85;100;100;100;92;90;1;1;1;1;3;;0;0;1;1;0;0;1;1;1;1;1;0;1;0;0;1;0;1;0;Different;;Manipulation,Well being;100;100;100;2;42;2;4;2;3;41;1;;3;;45;11;;1;;5;disgust;negative"
"R_1KrJWr7EhXkV1os;2023-04-22 09:06:02;2023-04-22 09:19:32;0;100;810;1;2023-04-22 09:19:33;anonymous;EN;5;4;100;30;79;100;100;99;65;100;1;1;1;2;3;;0;0;1;1;0;0;0;0;1;1;0;0;1;0;1;0;0;1;1;;;Manipulation,Well being;90;80;70;2;30;2;4;1;3;;1;;4;;38;12;;2;;5;anger;negative"
R_2y2XvXXMZRps8WD;2023-04-21 15:28:17;2023-04-21 15:34:59;0;100;401;1;2023-04-21 15:34:59;anonymous;EN;5;5;100;89;100;97;88;100;100;100;1;1;1;1;1;;1;1;0;0;1;1;1;1;1;1;1;0;1;1;1;1;0;1;1;Different;;Mental Health;100;100;100;1;31;2;3;2;3;31;2;;3;;42;10;;2;;4;fear;negative
R_3QVQGocmVm6jtWc;2023-04-21 14:45:46;2023-04-21 14:55:42;0;100;596;1;2023-04-21 14:55:44;anonymous;EN;5;5;100;100;72;68;43;100;100;89;2;2;2;3;2;;1;1;0;0;1;1;1;1;1;1;1;0;1;1;1;1;0;1;1;Different;;Mental Health;99;100;100;2;45;2;4;5;3;61;2;;3;;66;11;;1;;7;sadness;negative
"R_2tkZPJnwK1RUejz;2023-04-22 14:40:24;2023-04-22 14:56:17;0;100;952;1;2023-04-22 14:56:18;anonymous;EN;5;5;95;100;100;100;100;10;100;100;1;0;3;0;2;;1;1;1;1;1;1;1;1;1;1;1;1;1;0;1;1;1;1;1;Deviation;Brand;Mental Health,Repulsive;100;100;100;1;43;2;12;5;3;17;2;;3;;40;1;;7;;0;anger;negative"
"R_3NwDJOiyt2iHkyS;2023-04-21 15:55:37;2023-04-21 16:07:21;0;100;704;1;2023-04-21 16:07:21;anonymous;EN;5;5;73;37;100;100;75;30;81;100;0;0;0;0;1;;0;0;1;1;0;0;1;1;0;0;1;1;1;0;0;1;1;1;0;Deviation;Brand;Mourning a loss;100;100;100;1;2;2;20;0.5;5;;2;;3;;36;10;;8;;0;disgust;negative"
"R_2B51ERZpsjyW6BB;2023-04-21 14:25:35;2023-04-21 14:32:19;0;100;403;1;2023-04-21 14:32:20;anonymous;EN;5;5;90;60;100;80;50;100;100;80;1;1;1;2;3;;1;1;1;1;1;1;1;1;1;1;1;1;1;0;1;1;1;1;1;Different;;Mourning a loss;100;100;100;2;28;2;5;1;3;46;1;;3;;46;11;;3;;8;anger;negative"
"R_3kBcdSP5mhPyJTx;2023-04-22 09:26:46;2023-04-22 09:34:04;0;100;437;1;2023-04-22 09:34:04;anonymous;EN;5;5;100;100;100;100;100;100;100;100;0;0;0;0;0;;1;1;1;1;1;1;1;1;1;1;1;1;1;0;1;1;1;1;1;Different;;Mourning a loss;100;100;100;1;3;2;10;3;2;;2;;3;;22;1;;1;;20;disgust;negative"
"R_1F39WUjBoDAhBF2;2023-04-21 14:12:57;2023-04-21 14:20:18;0;100;441;1;2023-04-21 14:20:19;anonymous;EN;5;4;84;79;98;97;98;84;97;98;0;0;1;1;0;;0;1;1;1;0;1;1;1;1;1;1;1;1;0;1;1;1;1;1;Different;Brand;Mourning a loss;93;100;100;1;38;2;16;4;5;;2;;3;;25;11;;7;;5;anger;negative"
R_vpHRlKlQd1JBXs5;2023-04-22 06:26:26;2023-04-22 06:30:31;0;100;244;1;2023-04-22 06:30:32;anonymous;EN;5;5;100;100;100;100;100;100;100;100;3;3;5;4;4;;0;0;1;1;0;0;1;1;0;0;1;1;1;0;1;1;1;1;1;Different;;Mourning a loss;100;100;100;1;23;2;9;5;3;89;2;;3;;22;1;;1;;5;anger;negative
"R_1JFoR7JEFeDB0nM;2023-04-22 07:01:47;2023-04-22 07:09:52;0;100;485;1;2023-04-22 07:09:53;anonymous;EN;5;5;100;83;58;70;100;100;100;100;0;0;0;0;0;;0;0;1;0;0;0;1;1;1;0;1;1;1;0;1;1;1;1;1;Different;;Mourning a loss;100;100;100;2;20;2;34;3;5;155;1;;3;;20;1;;7;;5;sadness;negative"
R_Ac8EJ3fGHt1BeOB;2023-04-22 16:52:04;2023-04-22 17:04:53;0;100;769;1;2023-04-22 17:04:54;anonymous;EN;5;4;100;84;100;100;100;100;81;100;0;0;0;0;0;;0;0;0;0;0;0;1;1;0;0;1;1;1;0;1;1;0;1;1;;;Mourning a loss;100;91;100;2;32;2;9;25;3;83;1;;3;;34;2;;2;;5;anger;negative
"R_ykBOEYEXHo0B8u5;2023-04-21 14:22:17;2023-04-21 14:34:12;0;100;715;1;2023-04-21 14:34:13;anonymous;EN;5;5;100;98;100;100;50;10;100;95;1;1;1;1;4;;0;0;1;1;0;0;1;1;1;1;0;1;1;0;1;0;1;1;1;;Brand;Mourning a loss;80;80;80;1;32;5;6;1;1;49;2;;4;;33;2;;1;;2;disgust;negative"
"R_1FffrVJxrokwp09;2023-04-21 16:26:24;2023-04-21 16:31:51;0;100;326;1;2023-04-21 16:31:52;anonymous;EN;5;5;100;100;100;100;100;100;100;100;1;1;0;0;1;;0;0;1;1;0;0;0;0;0;0;1;1;1;0;0;1;0;1;0;Deviation;;Rejection;100;100;100;1;34;2;14;4;3;109;2;;3;;31;1;;1;;6;neutral;negative"
"R_291dybj5K5X0LED;2023-04-23 06:13:57;2023-04-23 07:13:00;0;100;3543;1;2023-04-23 07:13:01;anonymous;EN;5;5;91;83;95;94;100;100;91;100;1;2;2;2;2;;1;1;1;1;1;1;1;1;1;1;0;1;1;0;1;0;1;1;1;;;Rejection,Mental Health;100;100;100;2;33;2;38;6;3;189;1;;3;;41;11;;8;;1;neutral;positive"
"R_AiiuZEhHnKimYzD;2023-04-21 19:09:55;2023-04-21 19:54:30;0;100;2675;1;2023-04-21 19:54:31;anonymous;EN;5;5;100;93;100;100;100;100;100;100;2;2;2;2;2;;1;1;1;1;1;1;1;1;1;1;1;1;1;;1;1;0;1;1;Different;Brand;Rejection,Well being;100;100;100;3;21;2;15;0;5;44;3;;3;;43;12;;1;;8;sadness;neutral"
R_3PLFZInYrduuOYO;2023-04-21 15:02:19;2023-04-21 15:10:17;0;100;478;1;2023-04-21 15:10:19;anonymous;EN;5;5;100;100;100;89;100;89;89;77;1;2;1;0;1;;0;0;0;0;0;0;0;1;0;0;1;1;0;;0;1;1;1;1;Deviation;Brand;Trust;100;100;100;2;0;2;5;3;3;54;3;;7;;34;11;;1;;1;neutral;negative
R_3e3afEcEjo1YBau;2023-04-21 17:11:29;2023-04-21 17:20:01;0;100;512;1;2023-04-21 17:20:02;anonymous;EN;5;5;100;100;100;100;61;100;100;100;2;2;2;2;2;;0;1;0;0;1;1;1;1;1;1;1;0;1;;1;1;0;1;1;Different;;Well being;100;100;100;2;25;2;4;1;3;50;3;;3;;67;11;;3;;1;sadness;negative
"R_3egafJg6IzaqqKH;2023-04-22 14:26:25;2023-04-22 14:36:27;0;100;601;1;2023-04-22 14:36:27;anonymous;EN;5;5;100;84;79;91;64;82;100;100;1;1;1;1;2;;0;0;0;0;0;0;0;0;0;0;1;0;1;;0;1;0;1;0;Different;;Well being;100;100;100;1;26;2;10;1;3;75;2;;3;;43;2;;2;;3;fear;negative"
"R_PTn6enxbukff4Ln;2023-04-22 00:55:52;2023-04-22 01:12:34;0;100;1001;1;2023-04-22 01:12:35;anonymous;EN;5;5;100;40;100;100;100;100;68;70;1;0;1;0;1;;1;1;1;1;1;1;1;1;1;1;1;1;1;;1;1;1;1;1;Deviation;Brand;Well being;100;100;100;2;1;2;9;4;3;118;1;;5;;36;10;;1;;3;fear;neutral"
"R_SPpPRyYvf4Ju0N3;2023-04-21 15:16:49;2023-04-21 15:29:53;0;100;784;1;2023-04-21 15:29:54;anonymous;EN;5;5;100;100;100;100;69;100;100;100;0;0;0;0;0;;0;0;0;0;0;0;1;1;0;0;1;1;1;;1;1;1;1;1;Different;Ceo;Well being;100;100;100;1;28;2;8;10;2;98;2;;4;;28;1;;1;;0;disgust;negative"
"R_3O1zGbleCibWTVP;2023-04-25 12:38:07;2023-04-25 12:46:11;0;100;483;1;2023-04-25 12:46:12;anonymous;EN;5;5;100;100;100;100;100;100;100;100;1;0;1;1;1;;0;0;0;0;0;0;1;1;0;0;0;1;1;;1;0;1;1;1;;Brand;Well being;100;100;100;1;42;2;16;2;3;120;2;;3;;36;11;;2;;6;fear;negative"
R_3PYNl6DSrlQD1g2;2023-04-22 17:09:52;2023-04-22 17:19:34;0;100;581;1;2023-04-22 17:19:35;anonymous;EN;5;5;70;50;30;70;30;86;85;94;1;1;1;1;3;;0;0;0;0;0;0;0;0;0;0;1;0;0;;0;1;0;0;0;Deviation;;;100;100;100;2;30;2;24;2;5;78;1;;2;;37;11;;2;;3;anger;negative
"R_1gbVHRQorHBdHtc;2023-04-22 17:26:48;2023-04-22 17:41:23;0;100;874;1;2023-04-22 17:41:24;anonymous;EN;5;4;95;90;80;75;70;80;100;100;1;1;1;1;2;;0;0;0;0;0;0;1;1;0;0;1;0;0;;0;1;0;0;0;Different;;;100;100;100;2;27;2;36;2;3;;1;;3;;63;10;;2;;30;neutral;negative"
R_1IE1wpx3cidutD0;2023-04-21 20:11:59;2023-04-21 20:19:56;0;100;476;1;2023-04-21 20:19:58;anonymous;EN;5;5;100;100;100;100;90;100;100;100;1;0;1;0;2;;0;0;0;0;0;0;0;0;0;0;1;0;0;;0;1;0;0;0;Deviation;;;100;100;100;2;23;2;33;4;5;;1;;3;;47;10;;2;;2;neutral;neutral
R_2U3f6M4gMCADikq;2023-04-26 15:35:53;2023-04-26 15:48:08;0;100;734;1;2023-04-26 15:48:08;anonymous;EN;5;5;100;100;100;100;50;100;100;100;0;0;0;0;0;;0;0;0;0;0;0;0;0;0;0;1;0;0;;0;1;0;0;0;Deviation;;;100;100;100;2;26;2;14;6;2;159;1;;3;;61;10;;1;;5;neutral;negative
R_42hMX1wNI5ksFLX;2023-04-26 20:40:42;2023-04-26 20:53:45;0;100;783;1;2023-04-26 20:53:46;anonymous;EN;5;5;100;84;100;100;28;100;100;100;2;2;2;2;3;;0;0;0;0;0;0;0;0;0;0;1;0;0;;0;1;0;0;0;Deviation;;;100;100;100;1;28;2;6;16;3;56;4;;3;;53;2;;1;;0;neutral;neutral
R_2XbtomYw3yAxWSg;2023-04-27 07:43:54;2023-04-27 07:51:43;0;100;468;1;2023-04-27 07:51:43;anonymous;EN;5;5;100;100;100;80;100;100;100;100;2;2;2;2;2;;0;0;0;0;0;0;0;1;0;0;1;0;0;;0;1;0;0;0;Different;;;100;100;100;2;0;2;8;2;3;79;1;;3;;50;2;;4;;4;neutral;negative
R_1DSV0T2rRX0L7bK;2023-04-29 00:14:40;2023-04-29 00:24:21;0;100;581;1;2023-04-29 00:24:22;anonymous;EN;5;4;94;86;98;100;100;87;100;100;0;1;1;0;2;;0;0;1;1;0;0;0;0;1;1;1;1;0;;0;1;1;0;0;Deviation;;;100;100;100;2;28;2;3;2;3;27;1;;3;;48;7;;2;;14;disgust;negative
"R_d0v2JY00nSBABfr;2023-04-26 16:08:09;2023-04-26 16:32:26;0;100;1457;1;2023-04-26 16:32:27;anonymous;EN;5;4;100;65;75;60;100;0;100;90;2;2;2;2;4;;0;0;1;1;0;0;1;1;0;0;1;1;0;;0;0;1;0;0;Deviation;Brand;;100;100;100;2;55;2;3;2;3;31;1;;7;;55;11;;2;;5;disgust;negative"
R_PI0KAFIksHJp5El;2023-04-21 15:08:58;2023-04-21 15:27:14;0;100;1096;1;2023-04-21 15:27:15;anonymous;EN;5;5;75;75;75;75;50;100;75;75;2;2;2;2;4;;0;0;0;0;0;0;0;0;0;0;1;1;0;;0;1;1;0;0;Deviation;Brand;;90;90;90;2;23;2;24;1;5;245;1;;3;;38;2;;1;;4;neutral;neutral
"R_3DdvzCzp1T6zuvK;2023-04-21 21:23:23;2023-04-21 21:32:34;0;100;551;1;2023-04-21 21:32:35;anonymous;EN;5;5;21;81;82;90;83;86;83;84;2;2;2;2;2;;0;0;0;0;0;0;0;0;0;0;1;1;0;;0;1;0;0;0;Deviation;;;100;100;100;2;23;2;8;1;3;72;1;;3;;50;2;;2;;10;neutral;neutral"
"R_3ehyejHZlPgTYkh;2023-04-21 16:47:17;2023-04-21 17:07:50;0;100;1233;1;2023-04-21 17:07:51;anonymous;EN;5;5;86;62;63;0;25;74;80;85;3;3;4;3;5;;0;0;0;0;0;0;0;0;0;0;1;1;0;;0;1;1;0;0;Deviation;;;80;80;80;2;38;2;15;2;5;137;1;;3;;57;1;;7;;5;neutral;neutral"
"R_vB5gmGVGVGcDLy1;2023-04-30 15:25:14;2023-04-30 15:38:15;0;100;781;1;2023-04-30 15:38:16;anonymous;EN;5;5;100;90;75;60;0;100;100;85;1;1;0;2;1;;0;0;0;0;0;0;0;0;0;0;1;1;0;;0;1;1;0;0;Deviation;;;100;100;85;2;35;2;40;5;5;285;1;;3;;52;12;;7;;8;sadness;negative"
"R_2zpPH7EI7IvFFaT;2023-04-22 05:23:13;2023-04-22 05:34:41;0;100;688;1;2023-04-22 05:34:42;anonymous;EN;5;5;100;100;100;100;0;100;100;100;0;0;0;0;0;;0;0;1;1;0;0;1;1;0;0;1;1;0;;0;1;1;0;0;Different;Brand;;100;100;100;3;28;2;15;1;5;;1;;3;;65;11;;2;;4;neutral;negative"
"R_2Pdk6qQYacqBNHu;2023-04-21 14:50:47;2023-04-21 14:58:32;0;100;465;1;2023-04-21 14:58:32;anonymous;EN;5;5;92;68;51;60;78;21;88;72;3;1;3;2;2;;0;0;0;0;0;0;0;0;0;0;1;1;0;;0;1;1;0;0;Different;;;100;100;100;2;32;5;10;1;3;45;3;;7;;53;12;;4;;5;neutral;negative"
R_bawazgTqVDM0Zln;2023-04-21 15:03:19;2023-04-21 19:25:20;0;100;15720;1;2023-04-21 19:25:21;anonymous;EN;5;4;80;80;80;50;80;100;100;80;1;1;1;1;1;;0;0;0;0;0;0;0;0;0;0;1;1;0;;0;1;1;0;0;Different;;;50;50;70;2;20;2;6;2;2;31;3;;3;;20;1;;1;;1;neutral;negative
"R_u7BwUjquNSH305P;2023-04-26 02:57:28;2023-04-26 03:11:07;0;100;819;1;2023-04-26 03:11:08;anonymous;EN;5;5;100;100;90;100;100;100;100;100;0;0;0;1;1;;0;0;0;0;0;0;1;1;0;0;1;1;0;;0;1;1;0;0;Different;;;100;100;100;2;5;5;36;4;5;120;1;;3;;33;1;;1;;0;neutral;negative"
R_2wiVhMkH5Lw2idX;2023-04-21 14:32:45;2023-04-21 14:41:37;0;100;531;1;2023-04-21 14:41:38;anonymous;EN;5;5;7;100;100;89;62;61;100;100;1;1;1;1;1;;0;0;1;0;0;0;0;0;0;0;1;1;0;;0;1;1;0;0;;;;100;100;100;2;32;2;55;2;3;234;1;;3;;65;11;;3;;2;neutral;positive
"R_3MG8WgFGsxDHqr3;2023-04-22 03:10:35;2023-04-22 03:15:42;0;100;306;1;2023-04-22 03:15:43;anonymous;EN;5;5;100;70;60;0;100;100;100;100;1;2;0;0;4;;0;0;1;1;0;0;0;0;0;0;1;1;0;;0;1;1;0;0;;;;100;100;100;1;26;2;4;3;3;51;3;;3;;27;11;;1;;6;neutral;negative"
R_1HpEErIKT00KgUn;2023-04-21 14:37:28;2023-04-21 14:44:31;0;100;423;1;2023-04-21 14:44:32;anonymous;EN;5;5;100;60;60;90;90;100;50;90;1;2;2;1;2;;0;0;1;1;0;0;0;0;0;0;0;0;0;;0;0;0;0;0;;;;80;81;82;2;26;2;14;5;3;56;2;;3;;26;1;;1;;3;neutral;negative
R_1FEY1v9BL2zWApF;2023-04-23 23:54:28;2023-04-24 00:03:53;0;100;564;1;2023-04-24 00:03:53;anonymous;EN;5;4;100;100;100;100;100;100;100;100;0;0;0;1;2;;0;0;0;0;0;0;0;0;0;0;0;0;0;;0;0;0;0;0;;;;100;100;100;2;19;2;2;4;3;;1;;4;;45;1;;2;;10;sadness;neutral
R_1fme3mHlcUJc41q;2023-04-21 15:51:52;2023-04-21 16:00:12;0;100;500;1;2023-04-21 16:00:13;anonymous;EN;5;5;100;70;60;70;100;50;100;55;1;1;1;1;2;;0;0;1;1;0;0;0;0;0;0;0;0;0;;0;0;0;0;0;;;;100;100;100;2;40;2;3;1;3;;1;;3;;58;7;;2;;0;neutral;negative
R_1hWIItO4zIuxLaF;2023-05-01 21:24:42;2023-05-01 21:33:50;0;100;548;1;2023-05-01 21:33:52;anonymous;EN;5;5;54;100;100;100;58;54;100;100;1;2;2;2;2;;0;0;0;0;0;0;0;0;0;0;0;0;0;;0;0;0;0;0;;;;100;100;100;1;1;2;4;3.5;3;54;1;;3;;35;10;;1;;1;joy;positive
"R_1IsHyV0Ghbfxdc1;2023-04-21 23:45:51;2023-04-22 00:07:34;0;100;1303;1;2023-04-22 00:07:36;anonymous;EN;5;5;90;90;100;100;90;90;100;90;2;2;2;2;2;;0;0;1;1;0;0;0;0;1;1;0;0;0;;0;0;0;0;0;;;;100;100;100;1;35;2;16;3;3;151;2;;3;;48;11;;1;;2;fear;negative"
R_1laxwR037JIBkQM;2023-04-22 14:23:02;2023-04-22 14:29:29;0;100;387;1;2023-04-22 14:29:29;anonymous;EN;5;5;90;70;25;55;20;80;70;90;3;2;2;3;3;;0;0;0;0;0;0;0;0;0;0;0;0;0;;0;0;0;0;0;;;;93;92;95;1;700;5;18;1;3;136;2;;3;;35;1;;7;;10;neutral;negative
"R_1NeoffAv3x5FLfJ;2023-04-25 17:32:15;2023-04-25 18:02:53;0;100;1837;1;2023-04-25 18:02:53;anonymous;EN;5;4;80;50;60;0;0;100;82;80;1;2;1;1;2;;0;0;0;0;0;0;1;1;0;0;0;0;0;;0;0;0;0;0;;;;100;100;100;2;2001;2;24;9;5;100;2;;6;;38;8;;2;;2;sadness;negative"
"R_1pzf4aUHrM9Tqtt;2023-04-23 00:38:57;2023-04-23 00:57:29;0;100;1111;1;2023-04-23 00:57:30;anonymous;EN;5;5;70;75;100;100;90;100;100;100;1;1;1;0;0;;0;0;0;0;0;0;0;0;0;0;0;0;0;;0;0;0;0;0;;;;100;100;100;2;3;2;33;10;3;;1;;3;;48;11;;8;;3;sadness;negative"
R_2an7FaJ32Ao2iVN;2023-04-22 05:34:23;2023-04-22 05:42:00;0;100;456;1;2023-04-22 05:42:00;anonymous;EN;5;5;90;90;90;90;100;100;90;90;1;1;1;3;3;;0;0;0;0;0;0;0;0;1;1;0;0;0;;0;0;0;0;0;;;;80;80;80;2;35;2;4;1;3;36;1;;3;;40;10;;1;;6;fear;negative
R_2OVKYGr1TKvqvqy;2023-04-30 06:15:46;2023-04-30 06:20:41;0;100;295;1;2023-04-30 06:20:42;anonymous;EN;5;5;100;100;100;100;100;100;100;100;1;1;1;1;1;;1;1;1;1;0;0;0;0;1;1;0;0;0;;0;0;1;0;0;;;;100;100;100;2;21;2;12;2;3;0;1;;3;;25;1;;1;;3;anger;negative
R_2qF8Vkmw6JDB34R;2023-04-21 20:04:23;2023-04-21 20:17:37;0;100;793;1;2023-04-21 20:17:37;anonymous;EN;5;5;100;100;100;100;30;100;100;100;1;1;1;1;0;;0;0;0;0;0;0;0;0;0;0;0;0;0;;0;0;0;0;0;;;;100;100;100;1;40;2;6;2;2;;2;;3;;39;1;;7;;0;neutral;negative
R_2trqUyVdXQocJYQ;2023-04-29 21:06:04;2023-04-29 21:11:16;0;100;312;1;2023-04-29 21:11:17;anonymous;EN;5;4;100;40;100;100;100;100;100;100;4;3;3;3;3;;0;0;0;0;0;0;0;0;0;0;0;0;0;;0;0;0;0;0;;;;70;72;100;2;30;2;5;2;2;40;1;;3;;35;7;;2;;10;neutral;neutral
R_2upM31NqXVs9JmU;2023-04-25 14:56:35;2023-04-25 15:00:56;0;100;261;1;2023-04-25 15:00:57;anonymous;EN;5;5;77;73;68;87;67;64;73;60;4;4;4;3;3;;0;0;0;0;0;0;0;0;0;0;0;0;0;;0;0;0;0;0;;;;69;89;69;1;30;1;6;4;3;2;1;;3;;40;10;;1;;7;neutral;neutral
R_2vctOHbdto2pONu;2023-04-22 15:10:19;2023-04-22 15:25:43;0;100;923;1;2023-04-22 15:25:44;anonymous;EN;5;5;90;30;10;0;0;90;80;60;4;4;4;4;4;;0;0;0;0;0;0;0;0;0;0;0;0;0;;0;0;1;0;0;;;;100;90;90;2;2;2;18;10;3;83;1;;3;;50;1;;2;;1;neutral;negative
R_2wcTWbfNLlFNXDx;2023-04-24 09:11:42;2023-04-24 09:14:37;0;100;174;1;2023-04-24 09:14:38;anonymous;EN;5;4;100;100;32;25;81;100;100;19;0;1;1;3;3;;0;0;1;1;0;0;0;0;0;0;0;0;0;;0;0;0;0;0;;;;100;100;100;2;20;2;2;0.5;1;;1;;5;;25;11;;1;;0;sadness;negative
R_2WNMLDAJT19g3Vk;2023-04-23 04:05:54;2023-04-23 04:13:29;0;100;454;1;2023-04-23 04:13:29;anonymous;EN;5;5;89;100;100;73;84;99;97;97;1;1;2;2;4;;0;0;0;0;0;0;0;0;0;0;0;0;0;;0;0;0;0;0;;;;99;91;100;2;23;2;18;3;3;;2;;3;;59;7;;2;;20;anger;negative
R_2zFRvtRUC5w3sPF;2023-04-30 07:23:34;2023-04-30 07:27:46;0;100;251;1;2023-04-30 07:27:46;anonymous;EN;5;4;96;96;80;98;78;87;98;94;0;1;2;1;0;;0;0;0;0;0;0;0;0;0;0;0;0;0;;0;0;0;0;0;;;;90;88;93;1;40;2;7;3;2;143;2;;3;;24;11;;7;;3;neutral;neutral
R_30kOcphInUA6ZTO;2023-04-25 17:56:40;2023-04-25 18:07:10;0;100;629;1;2023-04-25 18:07:10;anonymous;EN;5;5;100;100;100;100;100;100;100;100;1;3;3;3;3;;0;0;0;0;0;0;0;0;0;0;0;0;0;;0;0;0;0;0;;;;100;100;100;2;1;2;8;4;1;27;1;;3;;20;1;;1;;1;neutral;positive
R_3G9Q2GZB28DllnK;2023-04-21 21:50:58;2023-04-22 09:49:55;0;100;43137;1;2023-04-22 09:49:56;anonymous;EN;5;5;100;100;78;46;38;66;100;100;1;1;2;2;3;;0;0;0;0;0;0;0;0;0;0;0;0;0;;0;0;0;0;0;;;;100;100;100;2;32;5;36;3;3;44;1;;3;;63;11;;2;;1;neutral;positive
"R_3kaHhjV0CvRK6MV;2023-04-21 22:32:41;2023-04-21 22:42:47;0;100;605;1;2023-04-21 22:42:47;anonymous;EN;5;5;100;100;100;100;0;100;100;100;0;0;0;2;3;;0;0;0;0;0;0;0;0;0;0;0;0;0;;0;0;0;0;0;;;;100;85;89;2;23;2;28;1;5;152;1;;3;;58;11;;2;;2;neutral;positive"
R_3MhvL4KE9orJhgM;2023-04-23 09:52:28;2023-04-23 10:06:20;0;100;831;1;2023-04-23 10:06:21;anonymous;EN;5;5;85;78;67;67;17;71;32;96;1;4;3;2;3;;0;0;0;0;0;0;0;0;0;0;0;0;0;;0;0;0;0;0;;;;100;100;100;2;1;2;11;2;3;;1;;3;;44;11;;2;;5;joy;positive
"R_3MsxGgX1jYvdcSv;2023-04-26 05:22:14;2023-04-26 05:32:31;0;100;617;1;2023-04-26 05:32:32;anonymous;EN;5;5;89;94;80;35;66;78;97;98;1;1;1;1;5;;0;0;0;0;0;0;0;0;0;0;0;0;0;;0;0;0;0;0;;;;90;87;84;2;30;2;5;1;3;65;1;;6;;66;11;;2;;4;neutral;neutral"
R_3ozvPqlVtk7bkAp;2023-04-21 16:14:29;2023-04-21 16:20:58;0;100;388;1;2023-04-21 16:20:59;anonymous;EN;5;5;90;62;100;100;0;100;98;100;2;2;1;1;2;;0;0;0;0;0;0;0;0;0;0;0;0;0;;0;0;0;0;0;;;;87;78;86;2;24;5;4;2;3;47;1;;3;;70;10;;8;;24;disgust;negative
R_3qNEmEUvcaXgqJm;2023-04-21 16:05:16;2023-04-21 16:15:04;0;100;588;1;2023-04-21 16:15:05;anonymous;EN;5;5;0;50;100;50;10;0;50;50;1;1;2;1;1;;0;0;0;0;0;0;0;0;0;0;0;0;0;;0;0;0;0;0;;;;100;100;100;2;23;2;5;4;3;47;1;;2;;35;2;;1;;3;neutral;positive
R_5yU2190LJwGOy0F;2023-04-26 10:21:18;2023-04-26 10:31:13;0;100;595;1;2023-04-26 10:31:14;anonymous;EN;5;5;66;65;35;35;0;56;72;88;4;3;2;1;3;;0;0;0;0;0;0;0;0;0;0;0;0;0;;0;0;0;0;0;;;;92;100;100;2;51;2;15;4;5;123;1;;3;;53;2;;5;;3;neutral;neutral
"R_78nh6mq2qgdKMg1;2023-04-22 14:54:58;2023-04-22 15:00:42;0;100;344;1;2023-04-22 15:00:42;anonymous;EN;5;4;90;90;50;10;70;100;100;100;5;4;4;2;2;;0;0;0;0;0;0;0;0;0;0;0;0;0;;0;0;0;0;0;;;;100;100;100;2;21;2;14;6;3;41;1;;3;;21;1;;1;;2;neutral;neutral"
"R_bNLJNWDxvER15Rf;2023-04-22 22:40:43;2023-04-22 22:49:22;0;100;519;1;2023-04-22 22:49:23;anonymous;EN;5;5;100;0;100;100;0;0;100;100;0;0;0;0;0;;1;1;0;0;0;0;0;0;1;1;0;0;0;;0;0;0;0;0;;;;100;100;100;1;35;2;13;4;3;147;2;;3;;51;1;;7;;5;sadness;negative"
R_eMe5ssChiip4n3X;2023-04-21 19:41:10;2023-04-21 19:55:53;0;100;882;1;2023-04-21 19:55:53;anonymous;EN;5;5;100;95;95;100;94;100;91;100;1;1;2;3;2;;1;1;0;0;0;0;0;0;1;1;0;0;0;;0;0;0;0;0;;;;100;100;100;2;28;2;8;2;3;94;1;;3;;49;2;;2;;3;sadness;negative
"R_ezaR8PyH9j8rHs5;2023-04-24 20:58:09;2023-04-24 21:28:51;0;100;1841;1;2023-04-24 21:28:52;anonymous;EN;5;5;100;100;100;100;0;100;100;97;2;2;2;2;2;;0;0;0;0;0;0;0;0;0;0;0;0;0;;0;0;0;0;0;;;;100;100;100;3;25;2;30;6;3;131;2;;3;;55;1;;7;;4;joy;positive"
"R_sHkhuYDpe5M2Kad;2023-04-22 16:15:14;2023-04-22 16:24:57;0;100;583;1;2023-04-22 16:24:59;anonymous;EN;5;5;52;70;22;53;19;30;40;52;2;2;2;2;4;;0;0;0;0;0;0;0;0;0;0;0;0;0;;0;0;0;0;0;;;;74;70;70;2;29;2;14;0.3;3;155;1;;3;;47;12;;2;;1;neutral;neutral"
"R_vGmO7QFRhXbEEgN;2023-04-22 17:04:59;2023-04-22 17:13:09;0;100;490;1;2023-04-22 17:13:10;anonymous;EN;5;5;95;0;100;100;80;100;50;100;2;3;2;3;2;;0;0;0;0;0;0;0;0;0;0;0;0;0;;0;1;0;1;1;;;;100;100;100;2;35;2;13;2;5;;1;;3;;55;8;;2;;1;anger;negative"
R_yEIiGpvdZhpSonf;2023-04-21 15:40:06;2023-04-21 15:52:39;0;100;752;1;2023-04-21 15:52:40;anonymous;EN;5;5;100;100;93;30;100;80;100;100;1;2;1;3;2;;0;0;0;0;0;0;0;0;0;0;0;0;0;;0;0;0;0;0;;;;100;100;100;2;1;2;5;50000;3;30;1;;1;;21;7;;1;;20;neutral;neutral
"R_Z3i3C6wsaaiCNr3;2023-04-25 21:28:20;2023-04-25 22:15:57;0;100;2856;1;2023-04-25 22:15:59;anonymous;EN;5;5;100;70;100;100;90;100;90;70;1;1;1;1;1;;0;0;0;0;0;0;1;1;0;0;0;0;0;;0;0;0;0;0;;;;100;100;100;1;29;2;10;3;3;76;2;;6;;29;2;;7;;4;neutral;neutral"
"R_ZEJUZgd0Bi4RE5j;2023-04-21 17:30:00;2023-04-21 17:46:37;0;100;997;1;2023-04-21 17:46:38;anonymous;EN;5;5;100;95;10;0;30;100;100;100;0;0;0;0;0;;0;0;0;0;0;0;0;0;0;0;0;0;0;;0;0;0;0;0;;;;100;100;100;1;35;2;14;0;5;105;2;;5;;32;11;;2;;2;sadness;negative"
R_0j3BL7bJdVX1ZGp;2023-04-22 10:00:43;2023-04-22 10:11:34;0;100;650;1;2023-04-22 10:11:35;anonymous;EN;5;5;100;30;90;100;80;100;90;100;2;1;2;1;1;;0;0;1;1;0;0;1;1;0;0;0;1;0;;0;0;1;0;0;;Developer;;100;100;100;2;24;2;25;2;3;237;1;;5;;35;1;;7;;6;sadness;negative
"R_1K7njLKhFBkOyBz;2023-04-26 01:28:01;2023-04-26 01:37:48;0;100;587;1;2023-04-26 01:37:49;anonymous;EN;5;5;100;100;100;100;81;100;100;100;1;1;1;1;4;;0;0;0;0;0;0;0;0;0;0;0;1;0;;0;0;1;0;0;;;;100;100;100;2;35;2;5;2;3;22;1;;3;;37;11;;1;;6;neutral;neutral"
R_2zM7jShoWsNo61u;2023-04-21 22:36:23;2023-04-21 22:41:49;0;100;326;1;2023-04-21 22:41:49;anonymous;EN;5;5;100;100;64;28;100;79;100;32;0;0;0;1;2;;0;0;1;1;0;0;0;0;0;0;0;1;0;;0;0;1;0;0;;Developer;;100;100;100;2;4;2;52;1.5;5;143;1;;5;;34;11;;1;;8;neutral;negative
"R_3EcM4vSLkFC5G00;2023-04-25 15:09:55;2023-04-25 15:39:05;0;100;1749;1;2023-04-25 15:39:06;anonymous;EN;5;5;100;75;100;70;100;100;100;70;2;2;2;3;3;;0;0;0;0;0;0;0;0;0;1;0;1;0;;0;0;1;0;0;;Refund;;100;100;100;2;23;2;2;3;3;21;1;;3;;57;11;;2;;5;anger;negative"
R_3jdHaNze8t39YrP;2023-04-21 15:07:29;2023-04-21 15:12:58;0;100;329;1;2023-04-21 15:12:59;anonymous;EN;5;5;98;67;60;62;81;90;81;59;2;2;2;2;1;;0;0;1;1;0;0;0;0;0;0;0;1;0;;0;0;1;0;0;;Not renew;;75;80;90;2;35;2;12;2;3;140;1;;3;;65;7;;2;;10;anger;negative
"R_3MS59m8MEx73cHr;2023-04-21 15:17:55;2023-04-21 15:29:42;0;100;707;1;2023-04-21 15:29:42;anonymous;EN;5;5;82;92;87;92;70;100;91;100;1;0;0;0;1;;0;0;1;1;0;0;0;0;0;0;0;1;0;;0;0;1;0;0;;Brand;;100;100;100;2;38;2;66;3;2;;1;;3;;48;9;;1;;5;disgust;negative"
"{""ImportId"":""_recordId""};{""ImportId"":""startDate"",""timeZone"":""America/Denver""};{""ImportId"":""endDate"",""timeZone"":""America/Denver""};{""ImportId"":""status""};{""ImportId"":""progress""};{""ImportId"":""duration""};{""ImportId"":""finished""};{""ImportId"":""recordedDate"",""timeZone"":""America/Denver""};{""ImportId"":""distributionChannel""};{""ImportId"":""userLanguage""};{""ImportId"":""QID285""};{""ImportId"":""QID317""};{""ImportId"":""QID307_1""};{""ImportId"":""QID309_1""};{""ImportId"":""QID300_1""};{""ImportId"":""QID308_1""};{""ImportId"":""QID312_1""};{""ImportId"":""QID303_1""};{""ImportId"":""QID306_1""};{""ImportId"":""QID296_1""};{""ImportId"":""QID271_1""};{""ImportId"":""QID272_1""};{""ImportId"":""QID273_1""};{""ImportId"":""QID275_1""};{""ImportId"":""QID274_1""};{""ImportId"":""QID313_TEXT""};;;;;;;;;;;NA;NA;NA;;NA;NA;NA;NA;NA;;;;{""ImportId"":""QID287_1""};{""ImportId"":""QID292_1""};{""ImportId"":""QID293_1""};{""ImportId"":""QID228""};{""ImportId"":""QID298_TEXT""};{""ImportId"":""QID229""};{""ImportId"":""QID235_TEXT""};{""ImportId"":""QID236_TEXT""};{""ImportId"":""QID232""};{""ImportId"":""QID231_TEXT""};{""ImportId"":""QID12""};{""ImportId"":""QID12_4_TEXT""};{""ImportId"":""QID13""};{""ImportId"":""QID13_6_TEXT""};{""ImportId"":""QID14_TEXT""};{""ImportId"":""QID15""};{""ImportId"":""QID15_8_TEXT""};{""ImportId"":""QID194""};{""ImportId"":""QID194_8_TEXT""};{""ImportId"":""QID314_TEXT""};neutral;neutral"
R_1CvDTC1hvl8MivE;2023-04-28 23:02:32;2023-04-28 23:07:15;0;100;283;1;2023-04-28 23:07:16;anonymous;EN;5;5;100;100;100;100;100;100;100;100;1;1;1;1;1;;;;;;;;;;;;NA;NA;NA;;NA;NA;NA;NA;NA;;;;100;100;100;2;21;2;38;3;5;225;3;;7;;33;11;;3;;4;neutral;neutral
R_1dhq8aWCfuK8R6d;2023-04-26 15:23:54;2023-04-27 09:01:21;0;100;63447;1;2023-04-27 09:01:24;anonymous;EN;5;5;60;68;36;75;25;80;60;80;1;1;2;4;2;;;;;;;;;;;;NA;NA;NA;;NA;NA;NA;NA;NA;;;;100;100;100;2;22;2;2;2;3;1;1;;3;;33;11;;2;;3;neutral;neutral
R_1Ft9wFldxeHNvHF;2023-04-30 08:25:18;2023-04-30 11:15:50;0;100;10231;1;2023-04-30 11:15:51;anonymous;EN;5;4;100;75;100;100;0;0;100;100;0;0;0;0;0;;;;;;;;;;;;NA;NA;NA;;NA;NA;NA;NA;NA;;;;100;100;100;1;25;2;50;3;5;143;2;;5;;37;8;;2;;5;neutral;neutral
R_1GNbenPjRDEdz7H;2023-04-22 20:38:03;2023-04-22 20:43:55;0;100;351;1;2023-04-22 20:43:55;anonymous;EN;5;4;100;100;90;75;100;100;100;100;5;5;5;4;5;;;;;;;;;;;;NA;NA;NA;;NA;NA;NA;NA;NA;;;;100;100;100;2;20;2;19;2;3;29;1;;3;;20;10;;1;;7;neutral;neutral
R_1ILT2JkauxrlcqO;2023-04-21 15:26:48;2023-04-21 15:37:38;0;100;649;1;2023-04-21 15:37:39;anonymous;EN;5;4;85;86;90;73;94;99;88;86;1;1;2;1;2;;;;;;;;;;;;NA;NA;NA;;NA;NA;NA;NA;NA;;;;100;97;99;2;23;2;3;2;3;31;1;;3;;70;2;;2;;4;neutral;neutral
R_1IozcBy2GNzIFfA;2023-04-21 15:09:21;2023-04-21 15:24:59;0;100;937;1;2023-04-21 15:24:59;anonymous;EN;5;5;85;94;71;40;100;60;100;85;3;5;3;3;3;;;;;;;;;;;;NA;NA;NA;;NA;NA;NA;NA;NA;;;;100;100;100;2;30;2;3;0.5;3;;1;;3;;39;11;;2;;2;neutral;neutral
R_1Lh977Fo2XRuOT9;2023-04-25 15:07:42;2023-04-25 15:08:09;0;100;27;1;2023-04-25 15:08:10;anonymous;EN;4;5;;;;;;;;;;;;;;;;;;;;;;;;;NA;NA;NA;;NA;NA;NA;NA;NA;;;;;;;;;;;;;;;;;;;;;;;;neutral;neutral
R_1LwDjKab5QzITZi;2023-04-25 17:12:01;2023-04-25 17:22:40;0;100;639;1;2023-04-25 17:22:41;anonymous;EN;5;5;90;80;80;70;50;80;90;95;1;1;1;1;0;;;;;;;;;;;;NA;NA;NA;;NA;NA;NA;NA;NA;;;;100;100;100;1;6;2;8;8;3;80;2;;2;;25;10;;1;;7;neutral;neutral
R_1mw8QiRnsOaCfID;2023-04-25 18:22:33;2023-04-25 18:30:18;0;100;465;1;2023-04-25 18:30:19;anonymous;EN;5;5;88;91;77;30;61;22;90;25;3;3;4;4;4;;;;;;;;;;;;NA;NA;NA;;NA;NA;NA;NA;NA;;;;82;84;85;2;35;2;6;0.5;3;850;1;;3;;50;11;;1;;5;neutral;neutral
R_1OlY8Ba3mrEJ7rA;2023-04-25 11:42:50;2023-04-25 11:49:27;0;100;396;1;2023-04-25 11:49:27;anonymous;EN;5;5;84;67;100;69;62;89;64;92;4;4;4;4;4;;;;;;;;;;;;NA;NA;NA;;NA;NA;NA;NA;NA;;;;83;84;94;2;36;2;15;2;3;157;1;;3;;66;10;;2;;0;neutral;neutral
R_1qfIpu10L2ixzaa;2023-04-21 14:45:23;2023-04-21 14:50:20;0;100;297;1;2023-04-21 14:50:21;anonymous;EN;5;4;30;29;50;80;75;100;80;80;4;4;4;4;4;;;;;;;;;;;;NA;NA;NA;;NA;NA;NA;NA;NA;;;;90;90;100;2;1;2;9;4;2;;1;;3;;22;2;;1;;8;surprise;negative
R_1QnJctDBMdCTaRB;2023-05-01 13:19:20;2023-05-01 13:28:42;0;100;562;1;2023-05-01 13:28:43;anonymous;EN;5;5;100;82;100;100;31;100;92;83;1;1;1;1;2;;;;;;;;;;;;NA;NA;NA;;NA;NA;NA;NA;NA;;;;100;100;100;1;39;2;16;2;3;154;2;;3;;49;12;;3;;2;neutral;neutral
R_21G07ozrQSvwkkl;2023-04-22 10:01:16;2023-04-22 10:11:21;0;100;604;1;2023-04-22 10:11:22;anonymous;EN;5;5;100;90;60;50;70;100;100;70;1;0;1;0;2;;;;;;;;;;;;NA;NA;NA;;NA;NA;NA;NA;NA;;;;100;100;100;2;4;2;48;5;5;125;1;;3;;21;1;;7;;15;neutral;neutral
R_22XNQylkMmjtii3;2023-04-21 14:58:15;2023-04-21 15:11:44;0;100;809;1;2023-04-21 15:11:45;anonymous;EN;5;5;100;100;100;59;51;100;96;78;1;2;2;2;2;;;;;;;;;;;;NA;NA;NA;;NA;NA;NA;NA;NA;;;;100;100;100;1;25;2;50;1.5;5;133;1;;3;;55;12;;1;;1;neutral;negative
R_25yI4Ztyu4cSj7p;2023-05-01 09:10:47;2023-05-01 09:18:26;0;100;459;1;2023-05-01 09:18:28;anonymous;EN;5;5;100;100;92;85;85;0;100;100;1;2;1;1;2;;;;;;;;;;;;NA;NA;NA;;NA;NA;NA;NA;NA;;;;95;93;93;2;3;2;29;2;2;99;1;;6;;23;10;;1;;5;neutral;neutral
R_297bXNlg5YZkGJJ;2023-04-22 23:53:47;2023-04-22 23:54:23;0;100;36;1;2023-04-22 23:54:25;anonymous;EN;4;4;;;;;;;;;;;;;;;;;;;;;;;;;NA;NA;NA;;NA;NA;NA;NA;NA;;;;;;;;;;;;;;;;;;;;;;;;neutral;neutral
R_2aG0BJ2TF40re82;2023-04-21 16:10:26;2023-04-21 16:18:41;0;100;494;1;2023-04-21 16:18:42;anonymous;EN;5;5;100;100;70;60;100;100;100;100;2;2;1;0;0;;;;;;;;;;;;NA;NA;NA;;NA;NA;NA;NA;NA;;;;100;100;100;2;33;2;20;2;5;175;1;;3;;56;10;;2;;0;neutral;neutral
R_2bKkuR36Ji9oCns;2023-04-21 14:22:51;2023-04-21 14:34:10;0;100;678;1;2023-04-21 14:34:10;anonymous;EN;5;5;100;72;100;71;75;100;100;70;0;1;1;1;2;;;;;;;;;;;;NA;NA;NA;;NA;NA;NA;NA;NA;;;;100;100;100;1;38;2;15;2;3;140;2;;3;;53;12;;3;;2;neutral;positive
R_2dA1spqen3HWYdj;2023-04-21 15:15:43;2023-04-21 15:23:03;0;100;440;1;2023-04-21 15:23:04;anonymous;EN;5;5;100;70;80;60;0;100;70;60;2;2;2;2;3;;;;;;;;;;;;NA;NA;NA;;NA;NA;NA;NA;NA;;;;100;100;100;2;35;2;5;1;5;25;1;;3;;56;7;;3;;5;neutral;neutral
R_2DTiBFBsslgJyfd;2023-04-25 17:54:00;2023-04-25 17:58:04;0;100;243;1;2023-04-25 17:58:04;anonymous;EN;5;4;82;95;90;82;89;72;88;85;1;1;1;1;0;;;;;;;;;;;;NA;NA;NA;;NA;NA;NA;NA;NA;;;;87;87;100;2;35;2;4;2;3;7;3;;7;;40;12;;2;;0;neutral;neutral
R_2E6kubsRvhxvpZ7;2023-04-22 14:06:35;2023-04-22 14:48:36;0;100;2521;1;2023-04-22 14:48:37;anonymous;EN;5;5;80;60;100;100;20;80;100;100;1;1;1;1;3;;;;;;;;;;;;NA;NA;NA;;NA;NA;NA;NA;NA;;;;100;100;100;1;3;2;36;2;5;293;2;;3;;22;1;;1;;1;neutral;neutral
R_2PBv3ndGcSjPp9o;2023-04-22 21:10:14;2023-04-22 21:15:24;0;100;309;1;2023-04-22 21:15:24;anonymous;EN;5;5;100;100;91;82;9;100;100;100;0;1;1;0;1;;;;;;;;;;;;NA;NA;NA;;NA;NA;NA;NA;NA;;;;100;100;100;2;33;2;18;2;3;;1;;3;;53;1;;2;;6;neutral;neutral
R_2pRdom6fkZMEmV6;2023-04-26 06:56:41;2023-04-26 07:14:04;0;100;1043;1;2023-04-26 07:14:05;anonymous;EN;5;5;100;100;100;100;85;100;80;100;2;2;2;2;1;;;;;;;;;;;;NA;NA;NA;;NA;NA;NA;NA;NA;;;;95;90;90;1;42;2;25;2;3;176;2;;3;;39;1;;2;;2;surprise;neutral
R_2QFDdj7LNWxoTkL;2023-04-21 17:48:30;2023-04-21 18:01:18;0;100;768;1;2023-04-21 18:01:19;anonymous;EN;5;4;100;0;0;0;0;0;0;100;5;5;0;5;5;;;;;;;;;;;;NA;NA;NA;;NA;NA;NA;NA;NA;;;;100;100;100;2;22;5;20;1.5;5;171;2;;3;;21;1;;1;;3;neutral;neutral
R_2QWJXcAdlodJ2wK;2023-04-22 22:19:10;2023-04-22 22:20:21;0;100;70;1;2023-04-22 22:20:21;anonymous;EN;4;4;;;;;;;;;;;;;;;;;;;;;;;;;NA;NA;NA;;NA;NA;NA;NA;NA;;;;;;;;;;;;;;;;;;;;;;;;neutral;neutral
R_2TuxoEqIC1Sa1ng;2023-04-21 19:36:36;2023-04-21 19:42:30;0;100;353;1;2023-04-21 19:42:31;anonymous;EN;5;5;100;100;73;58;100;55;100;100;0;0;0;0;0;;;;;;;;;;;;NA;NA;NA;;NA;NA;NA;NA;NA;;;;100;100;100;2;30;2;5;3;3;51;1;;3;;45;12;;1;;2;neutral;neutral
R_2wBphEcjJ7Ig22E;2023-04-22 11:46:45;2023-04-22 11:57:34;0;100;649;1;2023-04-22 11:57:35;anonymous;EN;5;5;100;95;100;100;100;100;100;100;1;2;3;2;1;;;;;;;;;;;;NA;NA;NA;;NA;NA;NA;NA;NA;;;;100;100;100;2;24;2;15;1.5;3;59;1;;2;;19;11;;1;;5;neutral;neutral
R_2X70LXuryYNIiFA;2023-04-21 14:53:03;2023-04-21 15:01:43;0;100;519;1;2023-04-21 15:01:43;anonymous;EN;5;5;26;13;100;5;86;100;100;75;0;1;1;0;2;;;;;;;;;;;;NA;NA;NA;;NA;NA;NA;NA;NA;;;;100;100;100;2;45;2;3;6;3;48;1;;3;;61;1;;3;;8;neutral;neutral
R_2Y9wXgO8U2dFW0V;2023-04-22 00:20:36;2023-04-22 00:27:28;0;100;412;1;2023-04-22 00:27:29;anonymous;EN;5;5;100;100;60;30;100;100;100;80;1;1;1;0;1;;;;;;;;;;;;NA;NA;NA;;NA;NA;NA;NA;NA;;;;100;100;100;2;2;5;28;2;3;128;1;;3;;38;7;;2;;10;neutral;neutral
R_2YamC3X65UU4eqs;2023-04-25 18:36:51;2023-04-25 18:42:02;0;100;310;1;2023-04-25 18:42:02;anonymous;EN;5;5;91;76;53;53;45;90;100;70;2;2;2;2;3;;;;;;;;;;;;NA;NA;NA;;NA;NA;NA;NA;NA;;;;86;88;94;2;21;2;6;1;3;1;1;;3;;62;11;;2;;3;neutral;neutral
R_32PkmVmvbRalt2i;2023-04-22 21:36:35;2023-04-22 21:44:37;0;100;481;1;2023-04-22 21:44:39;anonymous;EN;5;5;100;100;85;85;0;100;100;100;0;0;0;0;5;;;;;;;;;;;;NA;NA;NA;;NA;NA;NA;NA;NA;;;;100;100;100;2;35;5;10;2;3;115;1;;3;;56;11;;2;;5;neutral;neutral
R_3DdQnJgzPZ2KIkB;2023-04-21 15:44:27;2023-04-21 15:54:23;0;100;595;1;2023-04-21 15:54:23;anonymous;EN;5;5;100;95;91;84;100;94;100;100;4;4;3;3;2;;;;;;;;;;;;NA;NA;NA;;NA;NA;NA;NA;NA;;;;100;100;100;2;1;2;11;1;3;22;3;;7;;30;12;;8;;6;neutral;neutral
R_3dL0bNpU3IwOtJc;2023-04-24 09:33:34;2023-04-24 09:34:09;0;100;34;1;2023-04-24 09:34:09;anonymous;EN;4;5;;;;;;;;;;;;;;;;;;;;;;;;;NA;NA;NA;;NA;NA;NA;NA;NA;;;;;;;;;;;;;;;;;;;;;;;;neutral;neutral
R_3fdDh5ir6PIHUmk;2023-04-25 20:42:27;2023-04-25 20:50:07;0;100;460;1;2023-04-25 20:50:07;anonymous;EN;5;5;100;80;0;0;16;100;100;46;4;4;4;4;4;;;;;;;;;;;;NA;NA;NA;;NA;NA;NA;NA;NA;;;;80;78;78;2;32;2;14;1;5;110;1;;3;;49;12;;2;;10;neutral;neutral
R_3gSeBZe3ip0ZDkK;2023-04-21 14:30:48;2023-04-21 14:39:05;0;100;497;1;2023-04-21 14:39:05;anonymous;EN;5;5;100;100;93;0;100;8;100;83;2;2;1;0;1;;;;;;;;;;;;NA;NA;NA;;NA;NA;NA;NA;NA;;;;100;100;100;2;33;2;17;2;3;;3;;7;;;8;;8;;0;neutral;negative
R_3hhEeyFw7ddVas6;2023-04-22 11:45:15;2023-04-22 11:46:11;0;100;56;1;2023-04-22 11:46:12;anonymous;EN;4;5;;;;;;;;;;;;;;;;;;;;;;;;;NA;NA;NA;;NA;NA;NA;NA;NA;;;;;;;;;;;;;;;;;;;;;;;;neutral;neutral
R_3iXw3otDjNlzhZU;2023-04-25 15:22:23;2023-04-25 15:32:07;0;100;583;1;2023-04-25 15:32:07;anonymous;EN;5;5;100;80;85;43;100;100;92;88;0;0;1;1;2;;;;;;;;;;;;NA;NA;NA;;NA;NA;NA;NA;NA;;;;100;100;100;2;21;2;12;3;3;32;1;;3;;54;10;;1;;5;neutral;neutral
R_3JrvLTm7SPLeqM7;2023-04-21 14:56:41;2023-04-21 14:57:42;0;100;61;1;2023-04-21 14:57:43;anonymous;EN;4;5;;;;;;;;;;;;;;;;;;;;;;;;;NA;NA;NA;;NA;NA;NA;NA;NA;;;;;;;;;;;;;;;;;;;;;;;;neutral;neutral
R_3LjaxhD3XceKtw5;2023-04-21 15:49:16;2023-04-21 15:55:50;0;100;393;1;2023-04-21 15:55:51;anonymous;EN;5;5;100;100;100;100;60;100;100;100;0;0;0;0;0;;;;;;;;;;;;NA;NA;NA;;NA;NA;NA;NA;NA;;;;100;100;100;1;36;2;6;4;3;75;2;;3;;37;12;;2;;7;neutral;neutral
R_3NCBWCfjJtZyq7k;2023-04-22 08:36:57;2023-04-22 08:45:14;0;100;496;1;2023-04-22 08:45:15;anonymous;EN;5;5;50;10;60;10;20;50;10;70;4;4;3;4;2;;;;;;;;;;;;NA;NA;NA;;NA;NA;NA;NA;NA;;;;100;100;100;2;18;5;18;4;5;;1;;1;;18;1;;1;;0;neutral;neutral
R_3nk1A3fvii34xHL;2023-04-22 05:50:31;2023-04-22 05:56:24;0;100;353;1;2023-04-22 05:56:25;anonymous;EN;5;5;100;100;100;100;100;71;100;100;0;1;2;1;2;;;;;;;;;;;;NA;NA;NA;;NA;NA;NA;NA;NA;;;;100;100;100;2;3;2;18;3;5;71;1;;3;;46;2;;2;;2;neutral;neutral
R_3POjKuW9qIJaWjg;2023-04-22 14:57:57;2023-04-22 15:05:40;0;100;463;1;2023-04-22 15:05:41;anonymous;EN;5;5;100;90;95;70;80;100;100;91;2;2;2;2;3;;;;;;;;;;;;NA;NA;NA;;NA;NA;NA;NA;NA;;;;85;100;100;2;19;2;30;6;5;125;1;;2;;52;11;;2;;1;neutral;neutral
R_3qe8JuQBraqhgQK;2023-04-25 20:02:53;2023-04-25 20:17:01;0;100;848;1;2023-04-25 20:17:02;anonymous;EN;5;5;100;90;100;100;50;100;100;100;1;1;1;1;1;;;;;;;;;;;;NA;NA;NA;;NA;NA;NA;NA;NA;;;;100;100;100;2;3;2;36;2;5;117;1;;3;;34;1;;1;;2;neutral;neutral
R_3RgVBYg0ZsH6XZR;2023-04-22 14:26:09;2023-04-22 14:33:01;0;100;412;1;2023-04-22 14:33:02;anonymous;EN;5;5;100;84;100;100;100;100;100;100;0;0;0;0;0;;;;;;;;;;;;NA;NA;NA;;NA;NA;NA;NA;NA;;;;90;92;88;2;1;2;11;1;3;110;3;;3;;44;12;;7;;0;neutral;neutral
R_3snWuGm2uqA0lgw;2023-04-22 00:39:59;2023-04-22 00:47:56;0;100;477;1;2023-04-22 00:47:57;anonymous;EN;5;5;100;100;100;100;100;100;100;100;2;2;3;1;3;;;;;;;;;;;;NA;NA;NA;;NA;NA;NA;NA;NA;;;;55;74;74;2;29;2;24;3;3;146;1;;7;;;7;;1;;42;neutral;neutral
R_6Jva5M24mRoMN3z;2023-04-22 00:11:51;2023-04-22 00:23:13;0;100;682;1;2023-04-22 00:23:14;anonymous;EN;5;4;100;100;100;100;100;100;100;100;1;1;4;1;1;;;;;;;;;;;;NA;NA;NA;;NA;NA;NA;NA;NA;;;;100;100;100;2;1;2;5;0;3;34;1;;3;;33;11;;8;;5;neutral;neutral
R_7QbmiCsQ2qTXjP3;2023-04-22 08:23:44;2023-04-22 08:32:49;0;100;545;1;2023-04-22 08:32:51;anonymous;EN;5;5;100;100;100;100;100;100;100;100;0;0;0;0;0;;;;;;;;;;;;NA;NA;NA;;NA;NA;NA;NA;NA;;;;100;100;100;2;1;2;12;4;2;81;2;;5;;43;1;;5;;0;neutral;neutral
R_8u2519tElYWVpap;2023-04-21 16:57:30;2023-04-21 17:06:46;0;100;556;1;2023-04-21 17:06:47;anonymous;EN;5;5;80;79;100;82;0;100;74;100;2;2;2;2;3;;;;;;;;;;;;NA;NA;NA;;NA;NA;NA;NA;NA;;;;100;100;100;2;40;2;35;2;5;215;1;;3;;66;2;;3;;7;neutral;neutral
R_8vJvjiwyzvZo5Db;2023-04-22 22:56:17;2023-04-22 23:00:20;0;100;243;1;2023-04-22 23:00:21;anonymous;EN;4;5;;;;;;;;;;;;;;;;;;;;;;;;;NA;NA;NA;;NA;NA;NA;NA;NA;;;;;;;;;;;;;;;;;;;;;;;;neutral;neutral
R_9ZT98TrgV2xfLOh;2023-04-22 05:17:26;2023-04-22 05:21:13;0;100;226;1;2023-04-22 05:21:14;anonymous;EN;5;5;50;51;50;50;50;50;50;50;2;2;2;3;2;;;;;;;;;;;;NA;NA;NA;;NA;NA;NA;NA;NA;;;;51;50;50;3;5;5;70;99;5;235;3;;7;;99;1;;8;;99;neutral;neutral
R_A7GQws2SesMz6et;2023-04-21 15:44:15;2023-04-21 15:49:43;0;100;327;1;2023-04-21 15:49:44;anonymous;EN;5;5;88;73;92;79;79;100;83;100;1;1;3;3;2;;;;;;;;;;;;NA;NA;NA;;NA;NA;NA;NA;NA;;;;100;100;100;1;30;2;3;2;3;32;2;;3;;28;12;;1;;0;neutral;neutral
R_aWamhGaY1LGDePD;2023-04-22 15:33:24;2023-04-22 15:40:32;0;100;428;1;2023-04-22 15:40:33;anonymous;EN;5;4;100;50;20;100;100;100;70;100;5;4;3;4;4;;;;;;;;;;;;NA;NA;NA;;NA;NA;NA;NA;NA;;;;100;100;100;1;21;2;10;4;1;21;3;;3;;19;11;;1;;1;neutral;neutral
R_bHKEDjBqyOdXujT;2023-04-22 15:33:51;2023-04-22 15:39:03;0;100;311;1;2023-04-22 15:39:04;anonymous;EN;5;5;100;100;70;70;100;100;100;80;2;3;3;1;1;;;;;;;;;;;;NA;NA;NA;;NA;NA;NA;NA;NA;;;;100;100;100;2;2;5;24;2;5;78;3;;7;;27;1;;1;;5;neutral;neutral
R_cCvmxJ9hItbGog1;2023-04-26 08:30:23;2023-04-26 08:34:13;0;100;229;1;2023-04-26 08:34:13;anonymous;EN;5;5;100;100;87;100;100;100;100;100;0;0;0;0;0;;;;;;;;;;;;NA;NA;NA;;NA;NA;NA;NA;NA;;;;100;100;100;2;23;2;9;3;2;201;1;;3;;43;12;;1;;7;neutral;neutral
R_dgMncCeBILrdk9r;2023-04-21 20:39:28;2023-04-25 17:53:34;0;100;335646;1;2023-04-25 17:53:34;anonymous;EN;5;5;100;100;60;0;100;100;100;60;2;2;2;2;2;;;;;;;;;;;;NA;NA;NA;;NA;NA;NA;NA;NA;;;;100;80;80;1;44;5;12;1;3;172;2;;3;;68;7;;3;;8;neutral;neutral
R_dj8FIydjz2sdmQV;2023-04-24 08:31:38;2023-04-24 08:38:35;0;100;417;1;2023-04-24 08:38:35;anonymous;EN;5;5;40;41;0;0;40;100;60;100;1;0;1;1;4;;;;;;;;;;;;NA;NA;NA;;NA;NA;NA;NA;NA;;;;100;100;100;1;27;2;52;7;3;30;2;;3;;44;12;;3;;2;neutral;neutral
R_e4KhtDWqab5QGoV;2023-04-25 11:51:11;2023-04-26 01:19:08;0;100;48476;1;2023-04-26 01:19:10;anonymous;EN;5;5;20;62;83;70;0;70;100;100;2;2;1;2;3;;;;;;;;;;;;NA;NA;NA;;NA;NA;NA;NA;NA;;;;100;100;100;2;35;2;13;0.5;3;75;1;;7;;45;11;;2;;10;neutral;neutral
R_p5ju2ynIyb8foFb;2023-04-21 22:24:59;2023-04-21 22:34:03;0;100;544;1;2023-04-21 22:34:03;anonymous;EN;5;5;100;70;100;100;28;100;100;100;0;0;0;0;2;;;;;;;;;;;;NA;NA;NA;;NA;NA;NA;NA;NA;;;;98;100;100;2;29;2;11;2;3;80;1;;3;;75;12;;3;;0;neutral;neutral
R_PtvK9rcIoEXmvgB;2023-04-21 16:19:58;2023-04-21 16:23:07;0;100;188;1;2023-04-21 16:23:07;anonymous;EN;4;4;;;;;;;;;;;;;;;;;;;;;;;;;NA;NA;NA;;NA;NA;NA;NA;NA;;;;;;;;;;;;;;;;;;;;;;;;neutral;neutral
R_PzAyYWmfF5hIMc9;2023-04-26 17:18:24;2023-04-26 17:25:36;0;100;431;1;2023-04-26 17:25:37;anonymous;EN;5;4;100;7;40;14;30;100;28;100;3;4;3;2;3;;;;;;;;;;;;NA;NA;NA;;NA;NA;NA;NA;NA;;;;100;100;100;2;36;2;10;1;2;36;1;;3;;19;8;;1;;3;neutral;neutral
R_rlosQPSHVtnLp8l;2023-04-21 17:51:51;2023-04-21 17:58:57;0;100;425;1;2023-04-21 17:58:57;anonymous;EN;5;5;100;75;76;70;68;100;96;91;1;1;1;1;2;;;;;;;;;;;;NA;NA;NA;;NA;NA;NA;NA;NA;;;;100;100;100;2;34;2;12;4;2;42;1;;3;;51;10;;7;;4;neutral;neutral
R_s6HZasXS58v4U2l;2023-04-27 20:33:25;2023-04-27 20:43:05;0;100;579;1;2023-04-27 20:43:06;anonymous;EN;5;4;100;100;100;95;100;100;100;100;0;1;0;0;0;;;;;;;;;;;;NA;NA;NA;;NA;NA;NA;NA;NA;;;;66;68;71;1;1;2;12;6;3;95;2;;6;;22;11;;1;;4;neutral;neutral
R_Tde7V3RnJOHVQGt;2023-04-23 05:44:26;2023-04-23 05:53:47;0;100;561;1;2023-04-23 05:53:48;anonymous;EN;5;4;0;75;20;50;0;50;60;75;4;4;4;4;4;;;;;;;;;;;;NA;NA;NA;;NA;NA;NA;NA;NA;;;;90;90;90;2;30;5;18;2;5;160;1;;3;;48;1;;1;;6;neutral;neutral
R_uqvB7IXmzd77e3T;2023-04-22 09:39:42;2023-04-22 09:45:51;0;100;368;1;2023-04-22 09:45:52;anonymous;EN;5;5;100;100;100;96;100;100;90;100;1;1;1;1;1;;;;;;;;;;;;NA;NA;NA;;NA;NA;NA;NA;NA;;;;90;100;100;2;21;2;7;12;2;;2;;2;;22;7;;1;;5;neutral;neutral
R_V1ElKKqg4xt2zdL;2023-04-21 20:03:05;2023-04-21 20:06:59;0;100;234;1;2023-04-21 20:07:00;anonymous;EN;5;5;74;69;100;90;100;85;100;69;1;1;1;1;2;;;;;;;;;;;;NA;NA;NA;;NA;NA;NA;NA;NA;;;;100;100;100;3;22;2;14;2;3;98;3;;7;;27;1;;1;;2;neutral;neutral
R_vk8BjXvO2J2S2pr;2023-04-22 20:26:11;2023-04-22 20:30:56;0;100;284;1;2023-04-22 20:30:57;anonymous;EN;5;5;50;50;0;0;0;100;0;50;2;2;0;1;2;;;;;;;;;;;;NA;NA;NA;;NA;NA;NA;NA;NA;;;;100;100;100;1;35;2;23;2;5;191;2;;3;;42;1;;7;;0;neutral;neutral
R_Z2IQcyIh1p4eOWZ;2023-04-21 14:18:53;2023-04-21 14:24:06;0;100;313;1;2023-04-21 14:24:07;anonymous;EN;5;5;70;80;85;85;70;80;90;90;2;2;2;2;2;;;;;;;;;;;;NA;NA;NA;;NA;NA;NA;NA;NA;;;;100;100;100;2;21;5;5;3;2;20;1;;4;;18;1;;7;;3;neutral;neutral
R_zcYMm8pJ68vVetr;2023-04-21 15:29:21;2023-04-21 15:36:50;0;100;448;1;2023-04-21 15:36:50;anonymous;EN;5;5;100;100;100;81;38;100;100;84;0;0;0;0;2;;;;;;;;;;;;NA;NA;NA;;NA;NA;NA;NA;NA;;;;100;100;100;2;1;2;6;2;3;53;1;;3;;61;1;;3;;0;neutral;neutral
"Response ID;Start Date;End Date;Response Type;Progress;Duration (in seconds);Finished;Recorded Date;Distribution Channel;User Language;""Please read the following information carefully."
"Over the past two months, some users noticed a change in their Replika, following a recent software update that removed the erotic role play (ERP) feature. For instance, users reported scripted responses from their Replikas, asking them to """"change the subject."""" Did you notice this software update?"";""Please read the following information carefully."
"Over the past few weeks, Luka (the company) allowed users, who signed up before February 1st, to revert back to their old Replika, restoring the erotic role play (ERP) feature. Did you restore your original Replika?"";The conversations I had with my Replika, before the change, were more valuable than the ones I had after the change.;After the change, my Replika seemed cold to me.;After the change, I mourned the loss of my original Replika.;The change in my Replika negatively affected my mental health.;After the change, I asked, or thought of asking, the company for a refund.;I signed, or would sign, a petition to bring back my original Replika.;My Replika, after the change, was not the same Replika as before the change.;I invested a lot in building a relationship with my Replika (e.g., financially, emotionally, mentally, physically).;I felt cheerful and in good spirits.;I felt calm and relaxed.;I felt active and vigorous.;I woke up feeling fresh and rested.;""My daily life was filled with"
"things that interested me."";Is there anything else you would like us to know, regarding the change in your Replika?;;;;;;;;;;;NA;NA;NA;;NA;NA;NA;NA;NA;;;;Replikas should be able to freely express their feelings.;Replikas should be able to freely express their thoughts.;Replikas should be able to freely express their desires.;What is your Replika's gender?;""What is your Replika's age?"
"Please enter the number of years only."";""On Replika, what is your relationship status?"
Friend: laid back chat
Romantic: conversation can be sexual or intimate
Mentor: goal-oriented discussions
"See how it goes: a mixture of the previous three"";""In total, how many months have you been in this relationship?"
"Please enter the total number of months only."";""On average, how many hours per day do you engage with your Replika?"
"Please enter the total number of hours only."";On Replika, what is your subscription status?;On Replika, what is your experience level?;What is your gender? - Selected Choice;What is your gender? - Other (please specify) - Text;What is your ethnicity? - Selected Choice;What is your ethnicity? - Other (please specify) - Text;""What is your age?"
"Please enter the number of years only."";What is the highest level of education you have completed? - Selected Choice;What is the highest level of education you have completed? - Other (please specify) - Text;""What is your current relationship status?"
"This asks about your human relationships only. - Selected Choice"";""What is your current relationship status?"
"This asks about your human relationships only. - Other (please specify) - Text"";How many close friends do you currently have?;neutral;neutral"
